N,P,K,ph,crop,fertilizer
102,22,108,6.2021023146847565,mango,14-35-14
92,130,87,7.993778905162391,cotton,DAP
14,140,107,5.641894576811984,apple,DAP
106,50,160,7.308464846624178,watermelon,14-35-14
71,108,21,4.618518829123848,apple,MOP
20,139,10,7.996216619869742,jute,MOP
102,90,151,6.7741758128781555,orange,DAP
121,93,188,4.724386331279604,banana,DAP
74,26,32,5.251467040986844,orange,Lime
87,96,198,7.9916522514909945,coconut,DAP
116,33,42,6.395607413969124,coffee,14-35-14
99,17,123,4.796188642358433,rice,14-35-14
103,6,41,9.303627142221785,mango,14-35-14
130,33,119,7.790750118901327,muskmelon,14-35-14
52,31,72,9.242808995238777,papaya,Sulfur
1,54,181,6.0626302721620595,watermelon,28-28
87,99,47,6.350602044150323,rice,14-35-14
37,92,168,8.887731297110115,grapes,DAP
129,48,62,6.650296041472307,muskmelon,14-35-14
20,26,17,7.743673471434003,mungbean,Urea
57,101,56,5.01303726497318,muskmelon,Lime
21,7,62,6.180358812215843,cotton,Urea
88,122,36,4.240699194862131,pomegranate,14-35-14
48,23,109,4.73588021526177,watermelon,Lime
58,27,192,3.5056604916057865,mothbeans,Lime
14,34,87,3.735590309891961,watermelon,Urea
50,43,190,9.363702939061575,coffee,Sulfur
107,112,103,4.954122170820574,mango,DAP
54,115,108,7.479864257024012,banana,DAP
63,29,188,8.53459819279767,cotton,Sulfur
130,132,32,6.803962755419386,coffee,14-35-14
50,115,133,4.418867000503737,coconut,DAP
134,140,174,7.868698624016998,maize,DAP
20,110,52,7.101508460597499,coffee,28-28
72,76,44,7.8875035360842505,cotton,28-28
17,133,101,8.118479737142522,rice,DAP
131,112,195,9.35246220610847,blackgram,DAP
88,9,204,6.94137968016026,watermelon,14-35-14
59,7,118,5.549846676143611,lentil,28-28
13,136,136,7.390787341401422,maize,DAP
8,108,170,3.9106442554557566,pigeonpeas,DAP
89,68,159,8.884383909929518,blackgram,DAP
52,110,141,4.216286068029181,apple,DAP
129,102,115,5.46705702731491,coffee,DAP
83,14,148,8.394472283756725,apple,14-35-14
91,132,188,7.083874269984271,grapes,DAP
110,50,80,5.861813121664652,cotton,14-35-14
7,70,35,6.340613956250128,muskmelon,28-28
34,116,123,8.627284359213082,rice,DAP
80,17,146,5.540026316359353,coffee,28-28
49,141,29,8.717898108873028,chickpea,MOP
103,90,38,4.028806585860149,mothbeans,14-35-14
131,94,71,8.160790623251785,coffee,DAP
1,62,156,8.585285798328417,watermelon,DAP
133,58,122,4.590905917024033,kidneybeans,14-35-14
53,16,77,6.082079194233202,papaya,28-28
105,18,30,4.492998647981934,muskmelon,14-35-14
3,125,152,7.739624773965307,lentil,DAP
53,125,196,6.71208660836994,papaya,DAP
43,24,108,7.311940080249926,chickpea,28-28
13,79,14,4.678921801737267,pomegranate,MOP
94,74,71,4.770475172314518,orange,DAP
47,60,156,3.7489839530594384,mungbean,Lime
14,105,9,5.432405211174379,muskmelon,MOP
39,136,199,6.858467968002049,rice,DAP
81,115,190,8.647609483983974,banana,DAP
110,129,31,7.5015646847520845,orange,14-35-14
52,136,117,6.112377940398509,pigeonpeas,DAP
23,24,19,9.218720686364826,mungbean,Urea
123,142,167,7.815471203454991,coconut,DAP
40,28,109,9.0809912171753,muskmelon,Sulfur
14,41,185,6.665527839632994,chickpea,28-28
44,58,48,5.053425648758838,muskmelon,Lime
64,107,30,3.816960118188332,pigeonpeas,Lime
88,42,179,7.8565091089031025,mango,14-35-14
70,8,166,4.2278179880332045,cotton,Lime
8,61,99,5.316650769631803,pigeonpeas,DAP
87,24,182,6.694825447303384,chickpea,14-35-14
128,21,88,6.886499526678486,lentil,14-35-14
135,123,144,7.103499181922816,lentil,DAP
62,75,136,4.497531982098204,mungbean,DAP
138,8,91,5.778424428929893,maize,14-35-14
80,18,180,7.2031653627018,jute,28-28
135,7,187,9.318913187802709,apple,14-35-14
32,84,116,7.865786826198132,lentil,DAP
122,59,133,9.035622542563747,grapes,14-35-14
4,136,93,8.073272349885062,coconut,DAP
40,124,70,7.050301813354403,cotton,DAP
27,28,162,4.6521402148180675,orange,Urea
134,86,135,7.500113911355078,mothbeans,DAP
71,64,126,7.240277395759442,kidneybeans,DAP
11,53,153,7.114815022743599,rice,28-28
32,67,88,6.4387152079294445,papaya,DAP
47,114,181,6.671939623935653,coconut,DAP
61,113,120,5.506655162708625,lentil,DAP
36,80,194,6.615876155853819,grapes,DAP
98,34,120,4.685335434070869,blackgram,14-35-14
103,62,42,8.33104638416226,grapes,14-35-14
34,121,147,4.614661728192247,muskmelon,DAP
100,104,114,4.009797739336799,banana,DAP
130,23,184,6.117476158142944,mango,14-35-14
0,98,50,7.449844637036371,watermelon,28-28
4,117,29,6.126300949601248,kidneybeans,MOP
102,67,25,5.160524791707852,rice,14-35-14
26,120,125,6.849027103342644,kidneybeans,DAP
136,117,126,5.582014012473199,coconut,DAP
14,51,137,9.097206140759798,lentil,Sulfur
89,61,74,9.035870837621433,pomegranate,DAP
41,122,117,6.514230919832572,kidneybeans,DAP
123,49,111,5.467303964109551,cotton,14-35-14
62,8,116,7.9227944837398345,lentil,28-28
95,51,112,3.7202776608984,grapes,14-35-14
51,51,51,6.348614036261908,mango,28-28
95,82,200,5.517940365622001,banana,DAP
131,128,95,9.023215310615328,mango,DAP
28,79,22,3.5720181636360953,papaya,MOP
35,107,153,6.8168892543100945,mango,DAP
12,141,108,7.943981486399756,apple,DAP
70,94,155,6.410107925144247,pigeonpeas,DAP
85,73,196,4.01241818097633,cotton,DAP
27,65,199,9.334768340167413,mango,DAP
65,142,44,6.608062588256588,jute,28-28
44,54,142,7.185117465914068,banana,28-28
61,7,93,4.919658696245044,lentil,Lime
133,111,184,6.400988510640823,papaya,DAP
27,117,204,6.074896951749931,chickpea,DAP
27,98,65,3.949375052011902,cotton,DAP
107,122,196,4.136962121284803,orange,DAP
43,85,9,8.524835117712648,watermelon,MOP
83,113,126,4.9389197132395415,rice,DAP
29,55,185,4.6697496289917835,orange,Lime
74,39,59,6.529468707500835,blackgram,28-28
127,50,41,8.112482788175077,pigeonpeas,14-35-14
91,73,60,3.8716791114739273,pigeonpeas,14-35-14
128,97,191,6.960847517829535,lentil,DAP
120,68,106,4.21526265704344,chickpea,DAP
26,53,97,3.7187663049537107,coconut,Lime
120,78,201,3.816463712973304,lentil,DAP
115,9,77,8.504984649250648,coffee,14-35-14
2,104,63,4.207834901768369,papaya,DAP
102,74,6,3.7709081864737515,apple,14-35-14
136,94,197,6.127399322857474,rice,DAP
61,8,108,8.56396083165215,maize,Sulfur
50,130,192,5.074450258935812,watermelon,DAP
58,43,55,6.030275705155498,watermelon,28-28
117,133,34,3.7395351953825076,rice,14-35-14
95,28,15,6.194471084809255,apple,14-35-14
112,61,112,6.965678483822802,muskmelon,DAP
61,104,80,6.925442322512868,muskmelon,DAP
51,74,171,5.494560153046191,mango,DAP
11,45,94,5.393199083978813,apple,Lime
38,64,127,4.139741713619587,watermelon,DAP
129,112,204,5.70078992387761,muskmelon,DAP
130,61,195,4.096968013237788,muskmelon,DAP
112,35,196,8.09957566827231,coconut,14-35-14
100,88,193,9.297645786489115,blackgram,DAP
112,40,129,9.320446740000241,maize,14-35-14
80,112,186,8.690426596252363,maize,DAP
112,110,126,7.104752896037715,pomegranate,DAP
1,90,98,7.70519418346328,chickpea,DAP
129,139,107,5.211234816082484,orange,DAP
53,18,190,7.284622521035724,blackgram,28-28
86,124,188,6.233897296639265,kidneybeans,DAP
128,142,166,6.392104038661595,watermelon,DAP
125,84,35,8.046659362250947,jute,14-35-14
129,110,56,5.19151013358351,pomegranate,14-35-14
52,74,93,5.40823767016712,rice,DAP
67,48,80,9.04785074677182,kidneybeans,Sulfur
122,77,133,3.8373457691058332,rice,DAP
37,49,187,6.413805790480042,orange,28-28
23,111,26,8.97680480244717,orange,MOP
68,88,44,7.1621780469089416,mungbean,28-28
115,86,105,6.778442445272793,cotton,DAP
97,111,115,4.9984650753761315,muskmelon,DAP
138,25,133,5.55965293438669,grapes,14-35-14
96,11,69,8.612290494828159,maize,14-35-14
123,74,195,6.855308790610749,coconut,DAP
69,131,186,6.588453162540679,grapes,DAP
92,124,174,4.097478281240173,banana,DAP
2,132,153,3.596168938730739,coffee,DAP
89,61,83,9.282111132122296,muskmelon,DAP
95,62,26,5.76191700372105,pomegranate,14-35-14
51,25,170,7.119278372597026,lentil,28-28
127,86,103,3.97829043912371,lentil,DAP
38,73,12,7.598685714338279,cotton,MOP
81,135,194,9.095400252235766,rice,DAP
103,91,179,6.953991517984518,orange,DAP
128,53,21,4.256691934252464,mango,14-35-14
10,119,21,6.99032916484086,pomegranate,MOP
41,93,94,8.098083278627914,pigeonpeas,DAP
98,89,145,5.938499219444112,papaya,DAP
6,132,149,8.779026487648807,muskmelon,DAP
89,144,170,7.392097720144187,mothbeans,DAP
111,121,85,8.895493509735214,mungbean,DAP
59,131,82,7.241031867484024,orange,DAP
112,75,177,4.287727832028946,mothbeans,DAP
1,90,10,5.358150266631135,blackgram,MOP
128,37,167,4.710769689514741,mango,14-35-14
47,85,114,8.952958986301173,jute,DAP
139,65,18,8.062400403724896,watermelon,14-35-14
36,65,76,7.5583902134600365,mango,DAP
8,102,193,5.3057979177897305,pomegranate,DAP
98,32,147,4.604268632301281,coffee,14-35-14
47,47,58,8.03870652793347,cotton,Sulfur
130,90,31,6.344947675274478,muskmelon,14-35-14
53,21,17,4.854737312903775,mungbean,MOP
119,102,163,7.19973186899165,lentil,DAP
115,102,167,3.742003112830712,pomegranate,DAP
74,69,64,5.457021524769521,pomegranate,DAP
112,78,10,6.311341967546808,apple,14-35-14
103,89,201,4.387750004656435,mungbean,DAP
83,9,62,9.407926865545036,pigeonpeas,14-35-14
111,6,53,4.754584187537685,chickpea,14-35-14
98,26,155,4.2821187802595935,papaya,14-35-14
92,116,166,4.721209243321378,banana,DAP
127,61,30,8.114366798958345,muskmelon,14-35-14
109,70,51,6.053033955631057,jute,14-35-14
81,78,9,6.8924956385152285,cotton,14-35-14
53,102,24,3.6260549419181647,pigeonpeas,MOP
67,116,138,3.7065878514398873,mango,DAP
32,129,202,6.174953298962097,kidneybeans,DAP
20,90,63,8.399931459209741,muskmelon,DAP
47,80,196,8.811433272245392,lentil,DAP
127,92,150,4.020239405573841,mungbean,DAP
135,42,136,6.730178612606137,pomegranate,14-35-14
134,63,21,8.979378117675623,grapes,14-35-14
127,142,18,5.827836526387318,blackgram,14-35-14
32,103,17,8.477394988570211,mango,MOP
114,67,139,4.302173926396617,coffee,DAP
118,53,132,9.112366938006792,coconut,14-35-14
21,36,48,8.008539905187817,rice,Urea
37,139,123,9.14800635672141,apple,DAP
108,25,147,7.559703401315039,coffee,14-35-14
50,24,23,5.680423591996562,orange,MOP
7,131,67,9.129087035148334,papaya,DAP
26,72,167,5.153400657855071,banana,DAP
26,114,85,5.493035132370395,papaya,DAP
20,120,167,7.704850508010442,mungbean,DAP
29,124,151,8.091897797152317,papaya,DAP
96,83,152,9.076420903094924,blackgram,DAP
27,120,104,4.7288144543372574,mothbeans,DAP
110,96,167,8.287988211315344,mungbean,DAP
60,18,164,7.93127632038178,coffee,28-28
47,129,126,3.882767337521587,pomegranate,DAP
3,62,180,5.823338847261242,banana,DAP
34,32,48,5.1965927423605915,grapes,Urea
48,30,108,5.326942546124182,lentil,Lime
16,117,156,9.397681277328205,mungbean,DAP
45,70,65,7.356664480879568,lentil,DAP
116,135,129,7.8060569467609975,grapes,DAP
5,48,149,9.359705823890055,chickpea,Sulfur
98,101,75,5.763210694745832,chickpea,DAP
123,46,111,8.311041010716835,rice,14-35-14
36,10,54,6.107185779826972,jute,Urea
23,27,69,8.71720203088988,cotton,Urea
92,93,103,4.583945247867819,maize,DAP
45,127,36,9.186117062385676,chickpea,Sulfur
94,55,168,4.812630250465278,muskmelon,14-35-14
98,15,145,5.457323041885589,mothbeans,14-35-14
115,16,202,8.037153404640684,grapes,14-35-14
66,78,62,5.86253084939244,jute,DAP
127,12,132,7.14926826059868,rice,14-35-14
17,45,146,6.167441006416571,cotton,28-28
24,89,169,7.954219622538691,coconut,DAP
53,76,116,4.869987514211665,rice,DAP
57,59,72,3.8507479234212623,jute,Lime
66,141,44,5.299576384838398,coffee,Lime
103,51,191,6.345851989210582,maize,14-35-14
23,108,148,4.508120313156072,muskmelon,DAP
113,46,194,5.628783737938332,watermelon,14-35-14
31,64,136,5.899898109761411,coconut,DAP
85,16,177,3.8443510621296415,banana,14-35-14
126,134,94,6.999843489105228,muskmelon,DAP
129,11,32,8.806060567827725,mothbeans,14-35-14
16,84,100,4.410457477718315,cotton,DAP
103,135,198,7.086848080409084,lentil,DAP
136,113,35,7.488435229465077,pigeonpeas,14-35-14
42,7,7,6.0160080825157305,cotton,MOP
38,31,140,7.70658552418562,maize,Urea
25,118,28,5.9643892609460725,mothbeans,MOP
98,111,19,6.527823727864609,papaya,14-35-14
49,44,175,3.544118267326562,coconut,Lime
12,133,163,7.650320684808133,lentil,DAP
59,12,49,7.468056073668347,jute,28-28
134,105,198,3.730405263958067,mothbeans,DAP
56,128,12,5.709500644370799,watermelon,MOP
35,111,75,9.374191044750004,grapes,DAP
19,105,112,6.024419375411701,banana,DAP
64,8,119,6.51167243079105,mango,28-28
7,114,107,8.959580948958312,coconut,DAP
114,23,129,7.803571255194538,coconut,14-35-14
91,36,61,6.992420786745342,jute,14-35-14
97,141,34,8.286828088046434,coconut,14-35-14
65,16,150,8.68619759873584,grapes,Sulfur
31,143,118,6.241328430423601,watermelon,DAP
85,50,201,6.350650189591012,papaya,14-35-14
50,123,121,5.816305613911014,mango,DAP
62,20,171,9.300236840110763,kidneybeans,Sulfur
124,133,64,7.682997525742103,pomegranate,DAP
57,67,102,3.999338397248434,orange,DAP
57,113,175,8.67775773987811,kidneybeans,DAP
85,123,130,6.383359645017609,mango,DAP
48,25,177,3.912523438534925,grapes,Lime
69,17,155,6.798303530979866,kidneybeans,28-28
14,8,201,6.002985673854212,pomegranate,Urea
53,106,98,8.76649642917575,chickpea,DAP
100,63,138,4.723967621656325,muskmelon,DAP
7,132,188,8.458787656953097,maize,DAP
52,31,126,6.846132147112717,orange,28-28
59,73,112,3.8276618192808143,mothbeans,DAP
107,29,8,9.331071807952908,blackgram,14-35-14
4,135,97,6.575691464619199,chickpea,DAP
102,101,155,5.245261125389495,papaya,DAP
5,29,10,6.3164410519355485,coffee,Urea
108,130,36,8.647146701104933,rice,14-35-14
115,137,110,5.329418746310381,apple,DAP
93,13,150,4.656058378920202,mungbean,14-35-14
46,120,19,4.274427481585288,chickpea,MOP
98,138,172,5.287156390341267,kidneybeans,DAP
54,64,126,8.18028852224026,lentil,DAP
51,125,100,6.32975819117157,pigeonpeas,DAP
12,143,10,4.86488962216124,coconut,MOP
113,112,116,4.497109997658495,muskmelon,DAP
123,112,124,5.496376859062274,blackgram,DAP
105,135,127,9.139546237314253,mothbeans,DAP
119,80,195,5.558160275540146,papaya,DAP
62,34,71,9.428744455727813,coconut,Sulfur
18,25,110,6.411382734592137,muskmelon,Urea
91,38,143,4.574983509740905,mungbean,14-35-14
57,45,47,8.846840550761057,pomegranate,Sulfur
89,55,149,6.262132238808961,mothbeans,14-35-14
116,86,100,7.758028061027146,watermelon,DAP
61,62,136,9.40226949925491,orange,DAP
22,79,195,3.801052101919844,lentil,DAP
126,27,200,4.080167358725403,coconut,14-35-14
136,132,85,7.822740448776537,pigeonpeas,DAP
139,21,45,5.190950019772832,mungbean,14-35-14
128,73,137,4.605808381700594,coconut,DAP
57,112,164,3.736171278918377,cotton,DAP
121,143,202,3.631080271917211,mungbean,DAP
0,98,39,8.146913618718745,maize,Sulfur
33,19,26,4.3066005642173,apple,Urea
95,95,197,6.306323695826905,grapes,DAP
125,37,154,7.135380891076898,blackgram,14-35-14
117,129,116,6.070110803413078,mothbeans,DAP
47,20,15,3.6626399140173986,mothbeans,MOP
88,70,7,8.201009015527454,lentil,14-35-14
116,51,141,3.563079347249921,kidneybeans,14-35-14
128,128,64,8.071339366264905,banana,DAP
15,5,80,8.859826962728736,pigeonpeas,Urea
68,91,91,6.097039526343034,orange,DAP
21,132,18,6.713254838586789,cotton,MOP
92,71,22,6.361900355705923,mungbean,14-35-14
75,8,117,5.835251711740633,muskmelon,28-28
85,51,77,8.82454721222216,muskmelon,14-35-14
28,42,27,8.863601064019942,watermelon,MOP
68,25,87,5.514898187849207,grapes,28-28
46,61,129,7.190418524088188,banana,DAP
93,121,179,9.061445372875184,grapes,DAP
84,50,73,9.272350993648109,coffee,14-35-14
38,43,51,6.5537542425322854,lentil,28-28
99,141,120,6.2169488317059605,pomegranate,DAP
32,103,34,5.172165895571155,kidneybeans,Lime
100,81,29,9.25323123914246,orange,14-35-14
22,119,160,4.356885826837204,watermelon,DAP
9,138,116,6.97897745628635,papaya,DAP
68,95,29,5.195301605111833,banana,MOP
99,102,78,5.17404974208678,apple,DAP
33,124,62,5.929811524257131,rice,DAP
137,50,98,9.492757614893927,mungbean,14-35-14
95,42,123,3.8297978410389324,pomegranate,14-35-14
0,104,131,6.9712509092211885,lentil,DAP
68,76,173,3.995432948211663,chickpea,DAP
3,39,29,4.427124979943114,coffee,Urea
15,34,82,6.137377650637392,watermelon,Urea
23,82,103,6.562760788078648,muskmelon,DAP
79,88,120,5.052754450187144,maize,DAP
1,117,52,5.3987427852464975,watermelon,Lime
127,29,14,4.021802121535599,apple,14-35-14
83,92,103,5.319318703065504,mungbean,DAP
139,18,15,9.299350636283265,kidneybeans,14-35-14
123,106,89,9.16824429003489,papaya,DAP
32,87,153,5.50926974082191,pigeonpeas,DAP
100,114,177,6.925123617672569,mothbeans,DAP
11,135,139,8.957572346665666,mungbean,DAP
66,23,196,3.53710293584538,muskmelon,Lime
64,32,130,8.364101422025552,rice,Sulfur
73,75,68,9.190217316733513,kidneybeans,DAP
42,67,6,4.047954406001343,rice,MOP
43,77,80,4.468686116197526,banana,DAP
28,128,125,9.264477816628133,papaya,DAP
11,123,46,6.725240861842078,watermelon,28-28
94,125,58,3.585179806830342,coffee,14-35-14
45,23,79,5.045791992581175,banana,Lime
129,124,20,6.199662045613158,pomegranate,14-35-14
34,65,22,7.657453466148606,orange,MOP
80,34,191,7.898962268820798,kidneybeans,28-28
89,13,94,9.472529077552736,muskmelon,14-35-14
7,68,148,5.225067196302554,apple,DAP
92,124,10,6.729320611210851,jute,14-35-14
89,56,189,6.69994128715763,grapes,14-35-14
114,93,112,5.933871556683425,lentil,DAP
104,57,179,4.514971363054521,banana,14-35-14
134,82,52,9.364739379103055,banana,14-35-14
57,45,46,8.619903119999517,mothbeans,Sulfur
113,72,80,6.489998169765423,rice,DAP
74,12,192,7.119472536104179,coffee,28-28
119,6,81,4.863566321357974,mothbeans,14-35-14
20,109,136,6.762722422350482,grapes,DAP
137,129,134,7.669820798728855,coffee,DAP
100,114,63,6.591002170319532,coffee,DAP
98,90,159,9.441711023509647,pigeonpeas,DAP
35,124,31,7.168049937486357,muskmelon,28-28
95,131,83,5.725842275553014,papaya,DAP
36,20,76,8.132912165695029,cotton,Urea
11,66,11,4.522775069489852,watermelon,MOP
112,117,195,5.8070948822376,muskmelon,DAP
12,16,115,5.581753702265515,pigeonpeas,Urea
22,39,123,6.090842570646664,kidneybeans,Urea
98,15,178,8.190678955572357,maize,14-35-14
104,68,67,6.405038192980445,mungbean,DAP
29,54,128,8.264086701595776,pomegranate,Sulfur
16,73,16,6.958933418839195,apple,MOP
112,52,145,5.552416607945332,pomegranate,14-35-14
61,24,47,8.359872462100835,papaya,Sulfur
83,105,21,4.929738023318549,orange,14-35-14
111,141,67,4.846297878798773,jute,DAP
85,72,124,6.527017544329015,grapes,DAP
18,39,40,5.065095475772534,rice,Urea
99,69,12,3.554522209707298,rice,14-35-14
139,12,73,7.389785163792809,muskmelon,14-35-14
75,49,94,6.566562928834388,rice,28-28
8,91,40,6.173106886958967,mothbeans,28-28
27,80,32,9.301811087709892,grapes,Sulfur
127,80,122,6.927195103777482,rice,DAP
51,51,97,8.680589466736308,pigeonpeas,Sulfur
82,19,179,4.336701417230961,lentil,14-35-14
110,109,80,6.915238778776566,orange,DAP
116,30,105,8.707877760385418,apple,14-35-14
68,56,162,6.998634543679388,blackgram,28-28
98,97,155,7.80808506876201,orange,DAP
139,25,148,5.732261406873244,muskmelon,14-35-14
24,55,18,4.054697102222399,rice,MOP
122,42,75,6.247401770762428,mango,14-35-14
52,24,184,5.866876345033145,pigeonpeas,28-28
56,136,128,8.702361094273684,mothbeans,DAP
38,59,129,4.963971814114833,rice,Lime
108,96,41,9.300405365210649,rice,14-35-14
41,32,33,9.248828718826978,pomegranate,Sulfur
121,8,199,4.985789858428632,pomegranate,14-35-14
132,80,147,5.588311732863923,chickpea,DAP
74,71,179,8.87333444524331,orange,DAP
75,90,178,9.299733325376645,coconut,DAP
8,95,184,6.160634617016264,banana,DAP
73,109,23,5.425982273845387,papaya,MOP
6,5,110,6.656564079509252,maize,Urea
136,76,25,7.626615238194409,lentil,14-35-14
26,91,68,5.140847092249879,orange,DAP
121,10,169,7.918839047714437,watermelon,14-35-14
4,65,31,3.809944142687846,kidneybeans,Lime
28,16,59,3.7957669565864984,orange,Urea
82,10,33,5.817726230873271,orange,14-35-14
135,31,152,5.620839152364324,mango,14-35-14
108,140,29,5.393799292202914,cotton,14-35-14
64,128,74,6.44611857601346,papaya,DAP
85,110,67,5.424401493869428,chickpea,DAP
70,97,168,4.653547510808552,banana,DAP
44,113,134,5.356817294531606,papaya,DAP
131,103,154,9.34942563686141,kidneybeans,DAP
35,39,20,5.966680501969091,orange,Urea
69,88,150,6.168276661150014,papaya,DAP
18,60,201,6.95926993970684,pigeonpeas,28-28
107,53,186,9.40004461048536,watermelon,14-35-14
90,50,104,4.949607658614578,pomegranate,14-35-14
89,117,34,7.587692663194603,muskmelon,14-35-14
18,140,49,7.7959081612503445,rice,28-28
38,47,23,7.143946500758395,apple,MOP
125,128,38,4.031470037819864,banana,14-35-14
125,101,145,7.561233654965459,cotton,DAP
57,94,175,3.8845682662170526,mothbeans,DAP
60,43,66,7.076855897299382,coffee,28-28
126,89,122,7.937487063330456,apple,DAP
104,66,104,4.765819343719702,maize,DAP
0,110,26,8.549732045256643,rice,MOP
130,111,184,3.682122833198026,lentil,DAP
91,58,184,8.562877181949837,coffee,14-35-14
112,130,115,6.26197430385659,mango,DAP
55,13,168,4.805527639589867,orange,Lime
116,92,77,4.302668869963808,muskmelon,DAP
133,41,151,9.219843005494235,coconut,14-35-14
57,53,42,3.93599352548694,coffee,Lime
43,45,74,4.694560519615554,pomegranate,Lime
60,21,120,5.586934084598276,mango,28-28
46,92,83,7.221409093766723,watermelon,DAP
79,25,189,6.7688065116565905,lentil,28-28
117,55,152,4.253860954473884,grapes,14-35-14
19,63,13,5.238367902429288,chickpea,MOP
46,45,36,4.9325106265161445,jute,Lime
48,43,136,4.781257126942048,watermelon,Lime
13,15,54,5.966866018879922,jute,Urea
0,143,86,7.724188715549941,pomegranate,DAP
116,81,9,4.804717593303415,apple,14-35-14
53,131,152,5.7000732782178885,mungbean,DAP
117,50,91,5.845504561046973,kidneybeans,14-35-14
2,49,130,9.358739176612461,cotton,Sulfur
11,5,79,9.227998141274412,banana,Urea
73,112,169,8.300825496512456,apple,DAP
15,23,26,4.949953524915111,cotton,Urea
101,80,190,3.908223884550018,kidneybeans,DAP
116,76,72,5.4014248263237485,coffee,DAP
7,113,48,5.100767296602985,coffee,Lime
121,16,38,6.535554800878363,orange,14-35-14
91,49,81,8.166367460406757,grapes,14-35-14
89,94,46,8.649937633273147,banana,14-35-14
135,107,141,8.569184512463051,chickpea,DAP
59,12,110,5.658053367338407,lentil,28-28
27,95,99,7.623406060764097,mothbeans,DAP
100,91,139,5.37700518514532,coffee,DAP
40,88,72,3.8654332594110965,jute,DAP
45,86,151,7.709391593617654,banana,DAP
34,72,163,3.5589653154187273,apple,DAP
133,131,132,5.955095524750932,coconut,DAP
81,86,167,5.476275615812455,pigeonpeas,DAP
114,88,189,7.660265231113114,watermelon,DAP
46,117,89,8.097472836562273,orange,DAP
9,80,193,5.324567815827703,chickpea,DAP
55,126,163,8.369762086669121,kidneybeans,DAP
29,45,87,5.263500563029602,apple,Lime
108,6,99,6.177958159919367,apple,14-35-14
4,33,185,7.862111162084804,jute,Urea
118,109,36,7.657521375348732,kidneybeans,14-35-14
32,55,70,9.4242108338732,coconut,Sulfur
117,79,191,4.850966145295591,orange,DAP
64,14,120,7.473907481237494,grapes,28-28
10,55,142,7.158091449654664,coffee,28-28
84,122,134,8.99059072694018,rice,DAP
25,125,198,4.43817284986925,mango,DAP
62,43,64,8.010788981521598,kidneybeans,Sulfur
85,32,21,6.90961169761261,banana,14-35-14
58,7,100,5.1479952187274325,pigeonpeas,Lime
26,88,148,6.346609484883045,maize,DAP
97,121,20,5.5026595824187865,orange,14-35-14
104,6,50,6.9758804167307655,blackgram,14-35-14
98,97,171,8.834003664887994,mothbeans,DAP
128,135,163,6.915829906473212,jute,DAP
54,98,111,7.2903345099595045,lentil,DAP
5,44,92,6.612487082688257,grapes,28-28
94,6,133,3.8069930386728554,banana,14-35-14
132,85,143,4.897151341256565,apple,DAP
101,16,123,6.452010376592496,apple,14-35-14
2,69,89,5.361411702468229,maize,DAP
22,59,8,4.590581586567165,pomegranate,MOP
52,49,75,6.52479705151063,mango,28-28
82,105,158,5.436858760687102,blackgram,DAP
84,66,115,5.048645859040488,banana,DAP
77,53,54,6.283912504642284,pomegranate,28-28
109,131,144,4.299705548493039,grapes,DAP
0,27,99,9.066474398452444,orange,Urea
50,42,96,8.706212587515434,mungbean,Sulfur
3,32,69,7.7457235144432115,chickpea,Urea
112,25,51,4.137282965530737,cotton,14-35-14
31,111,185,8.155263526818159,grapes,DAP
33,103,110,8.347743968654115,coconut,DAP
91,123,203,8.106587706286026,mungbean,DAP
94,77,134,4.183795322715447,lentil,DAP
71,126,110,7.3634477424065885,coconut,DAP
38,34,28,8.505948774496392,grapes,Urea
117,112,8,6.964120407318006,coffee,14-35-14
2,102,112,7.378444251368534,blackgram,DAP
122,36,23,6.250180876557837,coffee,14-35-14
49,83,158,6.672243919304316,papaya,DAP
11,45,44,3.7062611501103513,maize,Lime
53,67,54,7.333778131839708,papaya,28-28
132,27,175,3.988683277346955,papaya,14-35-14
56,108,79,6.11008756604134,banana,DAP
111,79,199,5.255930586004447,rice,DAP
46,52,16,6.772567701270279,watermelon,MOP
84,61,199,4.300498013139243,apple,DAP
65,122,31,7.649860411839909,banana,28-28
74,104,117,8.270069221570822,rice,DAP
102,128,186,4.480126698458939,mungbean,DAP
37,38,198,4.125878524111293,apple,Urea
49,11,53,4.373092896724155,watermelon,Lime
97,60,148,8.76276537139101,muskmelon,14-35-14
81,69,134,6.6691355705381365,watermelon,DAP
29,51,64,6.303565976045015,jute,28-28
78,23,186,4.140270914614126,banana,Lime
90,130,34,7.397336040541771,apple,14-35-14
51,143,88,8.70799755137054,coconut,DAP
78,53,170,8.469115215940718,orange,Sulfur
29,117,32,7.256328253884808,mothbeans,28-28
105,42,29,3.951672299910042,banana,14-35-14
50,68,100,4.174382163056078,orange,DAP
80,73,129,3.795853922658948,lentil,DAP
132,140,14,5.044875298954816,papaya,14-35-14
28,120,192,4.3139688029622665,orange,DAP
131,69,46,5.060288241514604,mango,14-35-14
137,35,44,5.81034833431377,coffee,14-35-14
73,136,81,9.157896704426815,coffee,DAP
16,117,109,7.162256358690152,pigeonpeas,DAP
83,113,122,8.509842714097774,banana,DAP
68,73,46,7.762109004273993,kidneybeans,28-28
33,124,51,4.175018783159791,kidneybeans,Lime
5,92,169,7.915522438243693,chickpea,DAP
52,71,26,5.150593289354747,orange,MOP
125,79,189,7.334647081968238,mungbean,DAP
42,49,111,5.545771841857931,kidneybeans,28-28
114,8,31,9.486033579587955,grapes,14-35-14
110,111,45,5.081308876980667,mango,14-35-14
79,55,84,5.174782824645618,rice,Lime
94,54,166,9.08403353337439,jute,14-35-14
117,10,164,3.6478664278179362,coconut,14-35-14
7,63,93,7.680133927239181,jute,DAP
131,129,70,7.8519583444152685,cotton,DAP
103,34,16,8.518271464462396,papaya,14-35-14
131,126,172,9.346635863830851,banana,DAP
24,129,77,9.353611514939914,cotton,DAP
95,41,80,3.8916605453987834,chickpea,14-35-14
92,128,94,8.431035936517414,orange,DAP
60,105,14,7.377859601944288,mango,MOP
121,39,100,7.384052806238547,pomegranate,14-35-14
50,91,180,4.270099559688169,blackgram,DAP
20,138,24,7.4011229986739195,muskmelon,MOP
4,22,43,9.394895483607486,pigeonpeas,Urea
91,117,64,8.970911417236682,kidneybeans,DAP
60,33,70,6.134783964829103,jute,28-28
21,81,69,3.739687839716566,cotton,DAP
69,63,183,5.6737609400012285,coconut,DAP
0,130,128,8.45834186960333,jute,DAP
132,113,168,7.708994608790996,kidneybeans,DAP
11,26,156,6.256061933563738,muskmelon,Urea
89,72,159,3.8306092109529866,orange,DAP
45,73,134,6.061368366939815,mango,DAP
33,53,163,6.314149638307301,chickpea,28-28
77,113,61,9.071333197364815,pomegranate,DAP
44,90,82,7.346516621492957,muskmelon,DAP
72,57,198,5.369917499927894,pomegranate,Lime
25,127,33,6.6519095867043285,papaya,28-28
46,91,19,3.89633184693296,rice,MOP
120,135,16,9.335409413898422,chickpea,14-35-14
55,46,105,5.660359411584356,jute,28-28
93,102,160,6.367204129478814,mango,DAP
106,113,88,5.631703845421535,rice,DAP
62,55,129,7.595070380697201,chickpea,28-28
47,89,107,7.473392949977558,chickpea,DAP
60,131,28,7.791933863174814,pigeonpeas,MOP
80,25,153,5.108859377671525,coconut,Lime
25,48,142,5.394010886984396,rice,Lime
35,143,114,4.251507386577248,kidneybeans,DAP
0,107,82,7.433059831076676,kidneybeans,DAP
7,72,105,3.7387827640139153,orange,DAP
112,133,150,7.086094013140754,watermelon,DAP
98,96,146,8.718175309109803,papaya,DAP
46,28,166,8.844992889737801,rice,Sulfur
126,129,132,6.19422656221977,coffee,DAP
55,115,62,6.255822129278442,apple,DAP
13,102,80,3.9618150980481044,chickpea,DAP
27,143,154,7.524590152658215,jute,DAP
77,21,202,8.427556522237072,lentil,Sulfur
129,103,40,4.967930327628278,kidneybeans,14-35-14
108,86,177,6.027805289800188,jute,DAP
13,108,168,8.533036020591622,pigeonpeas,DAP
55,23,26,8.762722805973727,banana,MOP
114,89,131,4.959079881585356,jute,DAP
6,12,84,6.803423807248185,lentil,Urea
2,32,193,4.654958903814962,chickpea,Urea
110,9,104,4.111272584837339,mothbeans,14-35-14
106,105,188,8.966723008351746,banana,DAP
17,122,100,8.423045025392655,lentil,DAP
37,68,165,8.060209410819043,muskmelon,DAP
114,95,177,3.7925979128788425,chickpea,DAP
14,121,168,8.562372756261546,rice,DAP
118,102,152,6.128264455432302,cotton,DAP
27,15,22,5.554370739775158,coffee,Urea
38,58,42,6.778858166152259,coconut,28-28
16,51,199,4.048119456341335,watermelon,Lime
85,144,155,8.039879296114393,orange,DAP
125,143,113,6.994610461329775,coffee,DAP
43,9,127,4.619540581239005,watermelon,Lime
24,24,148,4.629393198614274,orange,Urea
12,50,191,4.605491909436045,watermelon,Lime
24,16,201,3.842014325311604,mango,Urea
67,74,200,7.026790696230108,apple,DAP
137,21,153,8.542089065531048,rice,14-35-14
66,119,108,3.604989283924332,grapes,DAP
108,52,202,3.7940278698276413,mothbeans,14-35-14
110,112,144,6.936621660121675,orange,DAP
110,56,148,8.416974112316314,mango,14-35-14
33,100,85,5.460433343411801,coconut,DAP
110,74,91,5.597686392846333,mothbeans,DAP
7,106,146,7.078078984980656,mungbean,DAP
112,79,65,5.145277334744882,rice,DAP
82,86,203,3.659650196466105,rice,DAP
41,96,50,7.911371108609576,pigeonpeas,28-28
100,8,36,7.2538994776487185,mothbeans,14-35-14
5,139,19,6.984535994333955,apple,MOP
25,113,48,7.9501047739509385,apple,28-28
63,52,149,7.551385025372225,watermelon,28-28
58,77,173,4.735291929069927,rice,DAP
108,76,58,5.614886281660107,grapes,14-35-14
120,120,48,4.25666085007175,cotton,14-35-14
32,85,102,4.279142080507286,pomegranate,DAP
20,85,9,7.557174478139236,pomegranate,MOP
69,117,113,8.651600641894989,lentil,DAP
111,100,31,9.276395503166835,grapes,14-35-14
3,76,120,7.270082705296666,chickpea,DAP
93,67,91,4.604607940165742,papaya,DAP
74,42,108,4.1339020726935845,cotton,Lime
61,71,127,8.377105829220547,maize,DAP
93,73,83,6.972538858159996,orange,DAP
94,17,47,7.209710126082319,coconut,14-35-14
54,35,101,8.188772532528255,grapes,Sulfur
136,118,35,7.71966336639471,grapes,14-35-14
130,26,103,8.50674951713658,rice,14-35-14
30,97,21,3.837283432759271,maize,MOP
39,71,87,7.9851238204790285,rice,DAP
35,58,114,8.605116543932573,pigeonpeas,Sulfur
5,142,186,5.216810254749886,chickpea,DAP
65,46,194,7.342683643959517,mungbean,28-28
74,68,36,5.384972383021832,coffee,Lime
3,130,172,9.247826398894723,grapes,DAP
78,25,145,3.7005414346130223,papaya,Lime
133,39,39,6.9787570629977305,jute,14-35-14
117,34,137,4.4990212822970905,mungbean,14-35-14
112,61,33,7.773321231062952,rice,14-35-14
93,51,74,4.555341700511972,pigeonpeas,14-35-14
61,23,157,4.912299571390145,orange,Lime
78,118,99,6.4662248662745485,blackgram,DAP
135,12,26,8.989009699981269,muskmelon,14-35-14
25,30,198,4.770286232887825,cotton,Urea
43,117,177,4.365440126708621,kidneybeans,DAP
132,75,73,8.053860991124184,maize,DAP
69,34,93,6.503717194003586,pigeonpeas,28-28
117,139,76,8.970710674290629,rice,DAP
67,71,133,4.379687342959054,pigeonpeas,DAP
18,69,176,7.375567358138236,mothbeans,DAP
19,40,91,4.89727487691089,maize,Lime
112,29,100,4.440562571909836,rice,14-35-14
139,41,79,7.600576490943623,kidneybeans,14-35-14
46,5,171,7.062107719452399,mungbean,28-28
0,41,58,8.028964750173987,coffee,Sulfur
89,140,92,5.356775458677094,rice,DAP
63,137,161,6.18782993829314,rice,DAP
37,132,58,5.93283005798251,blackgram,28-28
36,131,20,9.404536783799085,cotton,MOP
125,5,103,5.253493740436327,apple,14-35-14
138,39,24,5.268903430080601,jute,14-35-14
99,108,50,5.627289252971645,grapes,14-35-14
76,27,199,6.887564487741929,papaya,28-28
2,13,197,5.013936465582471,cotton,Urea
133,38,131,8.991739642275643,pomegranate,14-35-14
9,132,62,5.094113389197581,mango,DAP
4,8,185,8.874894389361168,rice,Urea
137,106,115,4.120850381879508,pomegranate,DAP
129,79,133,7.439376214397914,lentil,DAP
12,103,85,8.941913110629462,chickpea,DAP
129,76,198,4.512496630389377,coconut,DAP
83,7,161,9.309961760595531,lentil,14-35-14
64,38,88,6.21730016249307,pomegranate,28-28
62,49,74,9.174290650646146,coconut,Sulfur
100,65,12,7.560920261780282,apple,14-35-14
72,87,33,5.30952121924131,papaya,Lime
16,127,116,4.6298151495026385,watermelon,DAP
8,106,183,5.322410277350596,chickpea,DAP
37,20,165,4.05810445557605,maize,Urea
93,70,135,4.363207798059978,rice,DAP
94,123,192,4.127962642078887,papaya,DAP
48,128,167,6.037661262449347,lentil,DAP
68,106,201,8.273470257545519,grapes,DAP
61,70,112,4.348301325298041,maize,DAP
77,17,113,4.281922599034015,mungbean,Lime
116,115,24,7.360573697103985,apple,14-35-14
119,38,77,4.683097891808398,jute,14-35-14
136,43,171,4.08566022865395,coconut,14-35-14
75,140,8,4.501091469233466,muskmelon,MOP
34,124,23,9.042388375260657,coffee,MOP
0,130,106,8.428827516657144,banana,DAP
39,59,177,5.624387374130564,rice,28-28
63,31,175,7.434924603964356,jute,28-28
59,122,145,6.723654042008229,mungbean,DAP
63,57,145,7.562745580895384,cotton,28-28
92,43,192,7.596026914776556,blackgram,14-35-14
71,69,189,7.272404090359958,pomegranate,DAP
10,17,90,5.0966082112238515,pigeonpeas,Urea
104,25,56,3.734038524576909,lentil,14-35-14
13,57,115,6.233400691940653,rice,28-28
59,23,185,8.845843308144223,maize,Sulfur
29,61,113,6.916983551111455,coconut,DAP
34,29,90,8.494346250211446,watermelon,Urea
4,35,47,9.449746057767369,cotton,Urea
82,85,204,4.481697224829658,pomegranate,DAP
122,27,204,7.650665834851894,lentil,14-35-14
77,36,46,7.545761442200147,pomegranate,28-28
61,78,94,9.37973268414967,mothbeans,DAP
131,14,119,9.413604403716802,orange,14-35-14
88,58,30,7.620071670344776,mothbeans,14-35-14
41,56,155,4.961688751893165,kidneybeans,Lime
88,118,47,8.291335028783594,cotton,14-35-14
39,18,81,4.142174805266229,chickpea,Urea
71,114,160,8.184195825029771,coconut,DAP
38,57,141,8.96117674486818,papaya,Sulfur
103,83,24,5.797000368610611,kidneybeans,14-35-14
13,26,188,7.283811769898483,blackgram,Urea
31,34,43,6.080856392580958,orange,Urea
124,8,183,6.126590329928771,pigeonpeas,14-35-14
96,63,16,5.36222533464872,grapes,14-35-14
22,12,187,8.072777722701947,rice,Urea
62,16,15,9.117059384999031,grapes,MOP
52,123,158,9.144505155406767,kidneybeans,DAP
103,38,46,4.548687709249603,coffee,14-35-14
103,86,159,8.748461897939396,watermelon,DAP
38,102,15,7.924588648562732,chickpea,MOP
133,131,42,5.017024404141735,pigeonpeas,14-35-14
66,79,102,3.9037076775290873,mungbean,DAP
134,109,175,5.107983601306268,rice,DAP
41,53,23,8.973249420689154,mango,MOP
14,83,196,7.299072049374634,banana,DAP
110,97,138,7.826327965387231,blackgram,DAP
32,22,178,5.042914106654575,mothbeans,Urea
37,100,120,7.816328933448922,coffee,DAP
96,42,117,3.6687290376675428,maize,14-35-14
32,91,174,5.751928074638083,coconut,DAP
85,92,69,7.260520091253987,cotton,DAP
65,54,103,4.376579393247921,cotton,Lime
9,12,76,8.438021446681608,watermelon,Urea
4,138,191,4.910187792871512,rice,DAP
122,73,56,7.413686676910677,pomegranate,14-35-14
73,125,122,5.931182855451978,apple,DAP
96,68,179,7.076261572865883,kidneybeans,DAP
117,143,124,4.144703315773449,banana,DAP
37,125,11,3.601476799529644,apple,MOP
46,69,15,8.957386564281807,cotton,MOP
108,111,107,5.117780052603097,rice,DAP
14,141,65,8.418062016682754,apple,DAP
135,104,72,9.496101802833202,coconut,DAP
4,86,157,4.768587547993467,jute,DAP
46,55,144,5.091024447100134,coffee,Lime
67,87,158,7.477158725807994,lentil,DAP
75,116,106,9.292691807603727,lentil,DAP
129,60,114,8.994886089144464,lentil,14-35-14
94,64,144,6.51725312039351,orange,DAP
114,124,175,8.270661695160348,mango,DAP
35,142,55,4.314475118599407,grapes,Lime
25,27,121,9.364629105224074,blackgram,Urea
42,17,169,9.286119404215919,apple,Sulfur
26,105,50,4.482373747275026,papaya,Lime
68,28,57,5.29653874881864,rice,Lime
10,112,92,4.100929985040602,rice,DAP
73,15,125,5.130305593389078,mango,Lime
103,21,17,8.395734736491239,mothbeans,14-35-14
37,29,93,5.769893642991557,lentil,Urea
133,98,129,4.03038180288055,pigeonpeas,DAP
22,25,122,5.553353148673427,apple,Urea
46,88,58,9.38830000544768,papaya,Sulfur
89,144,189,7.278101571555218,orange,DAP
45,41,120,5.996965678436947,papaya,28-28
106,46,122,4.49923108098362,rice,14-35-14
139,105,8,9.41706078370217,coconut,14-35-14
103,52,79,8.425094055578771,coffee,14-35-14
110,107,53,5.188863814705517,blackgram,14-35-14
103,32,11,3.9204121743271365,chickpea,14-35-14
59,45,114,3.839753344265348,pigeonpeas,Lime
99,103,126,4.222268897033203,blackgram,DAP
67,51,15,6.98461150168653,coconut,MOP
132,109,96,9.072580527232954,papaya,DAP
119,128,186,6.480460568035907,papaya,DAP
36,17,177,8.557672894737184,jute,Urea
71,104,27,6.175319719158847,rice,MOP
126,35,32,7.751501274606952,muskmelon,14-35-14
105,134,115,7.891236423719005,papaya,DAP
91,20,61,4.543782235420032,mungbean,14-35-14
30,141,30,5.667296353854871,apple,28-28
121,77,157,7.3238129392281435,apple,DAP
136,58,58,3.924179649106197,muskmelon,14-35-14
50,104,33,5.66924112657774,mothbeans,28-28
28,113,101,6.708796797687155,lentil,DAP
39,91,168,9.477346958267832,mungbean,DAP
40,141,18,6.347201375734644,watermelon,MOP
10,12,82,8.396340542685941,banana,Urea
0,11,39,6.092403710399706,jute,Urea
45,40,34,8.278344335718254,apple,Sulfur
100,22,96,7.07248880972065,mothbeans,14-35-14
89,7,21,8.81957264901439,coffee,14-35-14
109,32,199,5.965655314100659,apple,14-35-14
56,74,162,7.125826518928873,cotton,DAP
0,32,97,7.2801120837129645,apple,Urea
62,58,177,6.00429765080284,mango,28-28
54,69,83,4.365872262124889,orange,DAP
114,104,114,4.061356441474013,pigeonpeas,DAP
52,25,183,3.6000293035977986,grapes,Lime
136,17,106,8.741205585471288,blackgram,14-35-14
56,61,110,4.918849473432167,pigeonpeas,DAP
116,53,51,4.769040495690608,mango,14-35-14
34,122,185,7.916212402556393,lentil,DAP
62,58,68,5.4200966785243505,chickpea,Lime
24,142,170,6.53626815447102,chickpea,DAP
89,57,68,4.475066391784738,rice,14-35-14
74,48,91,9.258474328771815,coffee,Sulfur
37,51,11,8.609488400103423,papaya,MOP
129,57,26,8.68273773779002,mango,14-35-14
134,78,85,5.9406424914320315,lentil,DAP
90,50,173,8.074167282243037,lentil,14-35-14
16,17,78,4.363256932338681,papaya,Urea
127,106,142,3.5517140155506817,papaya,DAP
107,28,189,3.6198375954681685,mungbean,14-35-14
24,6,139,7.019610424427363,kidneybeans,Urea
87,85,129,6.232369431487645,grapes,DAP
28,104,54,6.608092093451118,orange,28-28
62,142,56,3.5447788425033164,maize,Lime
113,135,165,6.036119717944555,watermelon,DAP
48,115,5,7.808408967205165,chickpea,MOP
80,106,185,6.156162211804615,pigeonpeas,DAP
83,21,192,7.893315237873334,watermelon,14-35-14
104,16,166,4.898113786381009,chickpea,14-35-14
117,120,8,8.378852026890353,mungbean,14-35-14
85,28,149,7.030587442720714,papaya,14-35-14
62,33,136,4.764578596579438,grapes,Lime
103,126,175,4.920322855122998,coffee,DAP
48,94,8,7.2681827874172225,pomegranate,MOP
70,69,5,8.47963755927466,grapes,MOP
0,88,75,5.9937666921749315,apple,DAP
122,123,182,5.049802574765553,lentil,DAP
61,20,193,8.702069641463602,maize,Sulfur
31,108,39,7.51560975050501,pigeonpeas,28-28
28,96,12,6.188512923698459,coffee,MOP
48,31,156,6.427401171675811,orange,28-28
29,138,40,4.725538807618379,coffee,Lime
18,139,182,7.260815780389064,kidneybeans,DAP
17,37,127,5.652455063257332,orange,Urea
0,59,47,9.473871060046095,lentil,Sulfur
77,11,31,6.3811010915713275,cotton,28-28
114,61,36,6.415313637137679,maize,14-35-14
112,130,82,6.895110724464031,papaya,DAP
113,16,125,9.00053601871248,jute,14-35-14
62,20,150,8.304908599158502,coffee,Sulfur
131,47,160,6.206780418787049,banana,14-35-14
128,121,161,7.812195595836776,grapes,DAP
7,139,20,7.017412992684569,blackgram,MOP
54,115,103,6.454202292207493,rice,DAP
102,55,51,4.653894636706103,orange,14-35-14
130,79,191,6.283617580729345,mango,DAP
31,12,35,4.974911522135448,kidneybeans,Urea
9,49,8,8.989052899109929,jute,MOP
109,63,169,5.512440880978081,grapes,DAP
123,136,21,9.213584087200234,lentil,14-35-14
86,108,43,6.698331740568268,mungbean,14-35-14
54,102,52,7.289266272056961,pigeonpeas,28-28
31,83,178,6.757642666935967,pigeonpeas,DAP
134,128,180,4.276283701800205,orange,DAP
92,8,43,5.754927314047646,lentil,14-35-14
7,94,136,4.094876673665744,mothbeans,DAP
64,108,34,7.23772426510029,coconut,28-28
56,141,162,6.181245171202633,apple,DAP
66,123,26,8.167909829425621,jute,MOP
71,137,70,4.822822885996219,maize,DAP
53,60,112,4.4873963505760095,pomegranate,Lime
66,100,16,5.937993385782606,apple,MOP
50,79,40,9.059512299310287,pigeonpeas,Sulfur
96,36,22,7.762530890074471,muskmelon,14-35-14
91,32,94,6.013541748757512,grapes,14-35-14
7,26,185,6.603633018525864,grapes,Urea
34,21,203,4.00527806706259,grapes,Urea
95,63,5,9.407455378256678,muskmelon,14-35-14
87,94,131,7.498443828169513,watermelon,DAP
77,110,190,5.212424410780535,blackgram,DAP
31,30,94,7.0148503652914656,banana,Urea
119,29,91,4.156894196413964,papaya,14-35-14
45,142,94,9.295020012845502,kidneybeans,DAP
54,49,138,4.548709927300195,pomegranate,Lime
6,87,74,7.388181908331285,rice,DAP
73,15,48,4.972726775233583,pigeonpeas,Lime
6,108,204,7.805368295891214,grapes,DAP
84,72,156,8.160928203441687,rice,DAP
111,99,90,7.540518373468596,blackgram,DAP
124,69,23,7.186996761531155,chickpea,14-35-14
35,53,105,8.85481456371207,chickpea,Sulfur
28,56,150,3.9717602659385483,mungbean,Lime
81,106,99,5.485488594681171,kidneybeans,DAP
1,61,105,4.989724877785076,chickpea,DAP
128,51,34,9.42808377239253,muskmelon,14-35-14
46,30,174,5.8363386780012405,blackgram,28-28
10,118,37,7.895676195442393,chickpea,28-28
129,9,16,7.608350983286027,mungbean,14-35-14
118,88,122,4.772487424864266,papaya,DAP
139,56,98,4.933986081269308,banana,14-35-14
19,109,159,5.187707381318205,banana,DAP
4,58,171,5.966763669556276,orange,28-28
36,19,141,4.905950393903161,mothbeans,Urea
136,65,153,3.6179088964810866,blackgram,DAP
52,126,80,8.776358340843172,rice,DAP
98,25,33,9.293658988285305,pomegranate,14-35-14
85,50,165,5.5494223221894075,coconut,14-35-14
107,138,194,5.531041276552838,chickpea,DAP
23,42,121,3.542550876646226,kidneybeans,Lime
80,66,19,7.581504129982244,banana,MOP
119,90,6,8.452639374491772,muskmelon,14-35-14
58,82,184,4.379649802160019,rice,DAP
127,50,121,4.457998096202904,lentil,14-35-14
113,7,176,8.240499499828626,banana,14-35-14
114,10,186,7.197744490124868,coconut,14-35-14
13,97,22,3.769163345766302,grapes,MOP
8,12,7,7.23528194277369,apple,Urea
39,112,139,5.353506337062596,kidneybeans,DAP
24,79,175,5.712350932825076,rice,DAP
102,81,170,8.118388509781282,cotton,DAP
21,54,169,8.365611156035664,grapes,Sulfur
3,15,190,5.902139761038984,rice,Urea
28,99,165,9.182917616038129,pigeonpeas,DAP
108,74,112,5.938776307712433,pigeonpeas,DAP
97,20,191,8.13101621138066,watermelon,14-35-14
36,72,99,6.403263587385554,watermelon,DAP
74,103,126,8.885193959132504,blackgram,DAP
69,52,15,8.946567461901072,kidneybeans,MOP
127,68,72,4.024500847226503,mungbean,DAP
84,94,127,9.118959987861354,cotton,DAP
41,80,200,8.453209049122494,coconut,DAP
99,143,117,8.247864285876002,muskmelon,DAP
40,105,102,4.705468038113135,coffee,DAP
33,93,97,8.33071525252799,kidneybeans,DAP
16,22,26,8.60079640811022,coconut,Urea
121,23,198,5.234902006724906,lentil,14-35-14
75,59,176,9.213560470173942,jute,Sulfur
86,106,131,3.7991608783949857,grapes,DAP
116,122,138,4.399455519482838,watermelon,DAP
105,138,174,6.725486828309085,watermelon,DAP
85,8,29,6.954754826733858,coffee,14-35-14
26,112,189,7.370900499805421,pomegranate,DAP
56,119,89,3.601814775892799,apple,DAP
30,33,59,9.262200647732781,pigeonpeas,Urea
133,63,148,3.767528556404864,mothbeans,DAP
97,129,99,4.3583717163404145,maize,DAP
11,102,146,3.5840871051563417,grapes,DAP
52,21,171,6.901150599764568,grapes,28-28
137,111,160,9.093601303525833,coconut,DAP
121,47,183,7.495682996482786,papaya,14-35-14
45,84,123,8.435944810882564,coconut,DAP
63,12,181,3.5796872207514805,rice,Lime
129,110,13,6.752091790878357,blackgram,14-35-14
53,12,190,6.257377865033131,coffee,28-28
106,100,177,6.493807665324758,apple,DAP
50,98,154,3.9332791120111277,maize,DAP
35,69,164,7.606612166415845,blackgram,DAP
114,43,201,6.519322489151807,mothbeans,14-35-14
25,85,201,8.090893099167584,apple,DAP
28,88,46,6.411743804370293,banana,28-28
10,92,57,4.396289817358593,orange,Lime
39,90,191,7.389541724466932,coconut,DAP
10,97,78,4.534318172630997,banana,DAP
112,90,43,8.734367380128889,blackgram,14-35-14
38,48,126,7.178697434415449,coffee,28-28
53,141,19,4.4432233013417255,kidneybeans,MOP
97,78,203,9.274028344887242,banana,DAP
54,40,161,6.610192780011924,blackgram,28-28
110,105,127,3.93739071122993,lentil,DAP
68,108,115,7.260997426490404,maize,DAP
55,70,135,5.019193442076862,apple,DAP
32,59,87,8.322160711263814,mothbeans,Sulfur
35,95,14,8.406932441397144,jute,MOP
80,26,96,9.37368413512797,jute,Sulfur
108,105,33,6.5112171861470225,coconut,14-35-14
72,125,39,6.229741278366423,blackgram,28-28
39,97,10,8.020853632678884,watermelon,MOP
16,112,144,4.294823938051559,apple,DAP
128,14,115,6.781493082758745,mango,14-35-14
60,13,42,6.777485600785106,pigeonpeas,28-28
103,38,81,4.0368387368623235,coconut,14-35-14
41,133,97,6.007904513041481,papaya,DAP
24,93,151,8.619708791403212,lentil,DAP
38,97,71,8.636921731967963,maize,DAP
34,75,140,4.095425989518086,cotton,DAP
130,71,12,4.044325296486985,mango,14-35-14
107,121,126,5.076172862011612,maize,DAP
101,98,88,8.748596375323961,pomegranate,DAP
97,103,179,4.273415510440993,rice,DAP
11,117,136,7.819980815764677,kidneybeans,DAP
18,107,183,4.10699371767862,mango,DAP
100,95,89,7.238827122486953,lentil,DAP
43,94,199,5.636403794714869,kidneybeans,DAP
48,21,49,8.233483777795202,lentil,Sulfur
16,22,140,4.902142692952181,mothbeans,Urea
73,120,91,7.335210976339759,rice,DAP
56,97,20,4.9140952074553095,pomegranate,MOP
54,95,81,7.781961698672923,watermelon,DAP
46,86,199,8.742068207364493,coffee,DAP
11,72,13,4.260810794760561,papaya,MOP
61,118,64,8.699574131573021,mothbeans,DAP
79,5,82,7.061451526485787,papaya,28-28
82,62,81,4.262662945202144,cotton,DAP
7,113,75,6.065251132158272,apple,DAP
80,120,19,4.465161760910587,muskmelon,MOP
117,91,75,7.702087333199417,apple,DAP
24,14,106,8.053208806507698,blackgram,Urea
88,63,173,4.134779121636794,grapes,DAP
11,45,26,6.536839116167866,banana,MOP
58,109,156,8.387750336155502,mungbean,DAP
108,137,117,9.11697824930598,orange,DAP
25,126,176,6.58110720045062,papaya,DAP
46,26,5,9.201675341668443,coffee,MOP
31,102,14,6.714133822736179,coconut,MOP
9,72,114,5.865142967599448,grapes,DAP
15,143,204,8.589218771317373,muskmelon,DAP
25,60,188,6.457896262748534,coffee,28-28
85,103,117,6.331415063387138,coffee,DAP
134,80,54,6.441874936458969,rice,14-35-14
13,30,16,8.580710011218471,apple,Urea
78,119,93,8.491649250128312,pigeonpeas,DAP
116,113,192,5.921119954641267,chickpea,DAP
6,51,158,5.49979915922315,pomegranate,Lime
136,75,116,6.451568144234775,coconut,DAP
114,44,82,6.936635058422654,pigeonpeas,14-35-14
71,137,173,4.930023263767982,mungbean,DAP
58,136,168,8.263730508293545,watermelon,DAP
81,27,125,6.418896594394537,chickpea,14-35-14
115,110,27,5.504273290519757,grapes,14-35-14
102,88,175,4.140925957783944,grapes,DAP
16,120,138,4.933070962421642,pomegranate,DAP
13,113,201,9.195687030535902,maize,DAP
107,140,175,5.330598120917159,mothbeans,DAP
44,45,29,4.513155736202211,blackgram,MOP
97,116,22,6.264036749929959,kidneybeans,14-35-14
130,116,194,5.342526460161492,mango,DAP
36,107,145,3.710955501627165,muskmelon,DAP
107,50,47,5.438871303676503,blackgram,14-35-14
38,72,82,6.764651743636811,mungbean,DAP
14,126,32,6.810274232119801,watermelon,28-28
119,19,150,5.639353527061332,coconut,14-35-14
3,133,63,6.183816537515604,watermelon,DAP
92,115,192,9.293107509408598,coffee,DAP
15,28,67,5.7640908633818695,grapes,Urea
107,31,189,5.049360879559898,jute,14-35-14
125,44,96,4.960802264400561,rice,14-35-14
54,28,183,6.246587676224805,coconut,28-28
33,28,60,8.057120892301665,rice,Urea
12,8,159,4.73592910513084,kidneybeans,Urea
17,71,164,7.755776762844608,pomegranate,DAP
95,38,115,3.6268989400964977,chickpea,14-35-14
122,120,141,6.013597867903676,cotton,DAP
38,27,72,8.15519039121672,lentil,Urea
45,113,50,5.5323977346465885,chickpea,28-28
28,73,71,6.882422608672397,mothbeans,DAP
61,99,158,4.729875396955465,mothbeans,DAP
15,66,140,7.951972346757033,mango,DAP
120,61,10,3.8136746196125575,rice,14-35-14
9,58,28,8.615255869253001,apple,MOP
102,74,180,4.689178318530009,pigeonpeas,DAP
83,105,98,8.746388190249984,lentil,DAP
132,61,177,5.615175447803104,pomegranate,DAP
64,142,17,7.83610144684692,grapes,MOP
2,139,201,5.415351786717131,muskmelon,DAP
119,107,29,8.935470027407884,mango,14-35-14
67,89,152,4.259822753110246,pigeonpeas,DAP
36,65,122,4.571118735635592,pigeonpeas,DAP
72,7,86,6.458180750952813,papaya,28-28
48,132,115,3.9916306342288768,mango,DAP
120,90,86,4.675881108210572,chickpea,DAP
87,51,70,9.162598293272087,mungbean,14-35-14
139,80,49,9.358937966887323,orange,14-35-14
36,42,118,5.757555975982532,coconut,28-28
60,91,179,9.039716126083615,papaya,DAP
123,62,67,6.768948054040591,rice,DAP
38,54,80,5.118454795242602,pigeonpeas,Lime
62,34,118,7.714392326483592,maize,28-28
45,105,115,7.453410839449143,rice,DAP
87,29,187,9.4347519146524,mungbean,14-35-14
10,116,151,5.0902837244557,banana,DAP
61,130,39,7.532357015970413,banana,28-28
76,127,57,3.8121425301766814,papaya,Lime
51,51,30,4.181876232180317,orange,Lime
3,122,18,3.5235102497065593,maize,MOP
58,43,122,9.496764086358038,mungbean,Sulfur
71,20,49,8.313642182884866,mungbean,Sulfur
92,26,176,8.220338088401245,pomegranate,14-35-14
62,58,197,6.558356451729078,coffee,28-28
53,20,55,5.300402497432639,jute,Lime
116,63,175,4.4075857067760555,chickpea,DAP
109,35,123,5.2080484330787815,mango,14-35-14
73,36,155,5.755827331574835,chickpea,28-28
106,13,188,8.037860581881764,banana,14-35-14
56,143,23,6.737970733418915,mango,MOP
2,14,86,3.9649017593328963,kidneybeans,Urea
119,21,80,3.6081740537534737,apple,14-35-14
5,72,187,4.113993077204379,cotton,DAP
4,52,96,5.962992282184276,papaya,28-28
4,115,192,9.09915750229411,kidneybeans,DAP
53,127,191,7.32441488725533,coffee,DAP
46,105,37,8.310955399253091,mothbeans,Sulfur
8,106,151,6.298247567027291,jute,DAP
98,69,32,5.6699964991702565,muskmelon,14-35-14
19,55,127,4.150402236299737,rice,Lime
121,40,184,8.75559813311723,chickpea,14-35-14
60,85,130,8.198960174167418,pigeonpeas,DAP
122,131,181,4.5087085855863505,coffee,DAP
81,92,41,6.573563383257563,orange,14-35-14
61,108,158,6.424248847527469,watermelon,DAP
2,19,103,7.250549316119171,lentil,Urea
12,100,102,9.177121363947567,chickpea,DAP
119,127,131,6.978628650574878,grapes,DAP
124,5,172,6.741303600671712,chickpea,14-35-14
88,126,84,3.8019375976079837,banana,DAP
72,130,42,3.8774448561081436,maize,Lime
67,61,81,4.6240807479607335,muskmelon,DAP
100,85,130,3.6948246301504897,grapes,DAP
97,77,91,7.960117373420074,coconut,DAP
10,74,58,7.839981823963779,coffee,28-28
104,10,154,4.316337406589858,apple,14-35-14
66,88,20,8.516473404771686,papaya,MOP
122,56,32,4.428716209076672,mungbean,14-35-14
28,7,167,5.307053521984153,grapes,Urea
136,85,192,4.9938613949681905,kidneybeans,DAP
75,67,177,5.733842591438287,lentil,DAP
8,53,50,5.027982595339771,pomegranate,Lime
39,80,76,6.433705558630712,lentil,DAP
24,116,187,5.944447288128113,mungbean,DAP
4,113,89,9.419416944675959,muskmelon,DAP
138,69,30,3.835558100769354,blackgram,14-35-14
123,85,89,4.35308825832411,coconut,DAP
37,19,157,3.8169553634516147,banana,Urea
71,104,69,7.2550471698942545,pigeonpeas,DAP
132,36,138,3.8270556644823177,maize,14-35-14
89,100,155,8.51863842425674,pomegranate,DAP
36,132,119,6.571631784091567,apple,DAP
59,117,68,6.662045747489202,grapes,DAP
27,87,91,6.869567046273165,blackgram,DAP
80,47,175,4.524882237837264,lentil,Lime
113,120,111,4.6861418186869255,banana,DAP
39,82,155,5.412903937238028,banana,DAP
44,62,100,7.060978494931108,apple,DAP
61,37,162,4.760706655641287,pomegranate,Lime
92,18,81,4.197990362799567,mango,14-35-14
114,136,150,9.320701318510594,mothbeans,DAP
66,63,91,3.6318908888577375,mango,DAP
55,87,153,8.31618443201613,pomegranate,DAP
39,138,61,8.228210897450133,papaya,DAP
97,125,107,5.283284683070576,papaya,DAP
39,87,155,4.31375969604388,kidneybeans,DAP
90,31,95,4.373771880232541,lentil,14-35-14
32,84,49,7.684589703423155,mungbean,28-28
5,138,176,7.356839546517042,papaya,DAP
79,17,92,8.196474045508321,blackgram,Sulfur
91,68,119,9.124887034394629,banana,DAP
96,84,51,7.651564179599552,mungbean,14-35-14
58,127,172,4.435109219308661,lentil,DAP
58,47,183,4.960655700592464,blackgram,Lime
47,93,174,8.553162385238688,chickpea,DAP
12,99,139,4.755836455005252,orange,DAP
106,6,54,3.9351339017268883,maize,14-35-14
44,124,180,7.719680324253503,muskmelon,DAP
88,26,88,5.915158132940852,watermelon,14-35-14
99,119,95,9.020240315275421,papaya,DAP
6,61,138,7.401530426561969,apple,DAP
132,76,95,4.042513866749965,cotton,DAP
44,11,141,9.187139403521964,coffee,Sulfur
57,123,113,5.051343581841476,kidneybeans,DAP
30,118,61,5.523274942437714,cotton,DAP
22,20,35,5.913562482101252,mothbeans,Urea
137,87,25,3.8073457784258795,mothbeans,14-35-14
106,76,94,6.479092533383629,banana,DAP
38,128,44,4.2399109464517535,orange,Lime
81,117,116,5.90582196013011,chickpea,DAP
99,16,49,5.604258727952506,grapes,14-35-14
1,130,81,8.13704050055902,coffee,DAP
76,57,181,8.319023069796387,chickpea,Sulfur
11,79,91,4.420477294334528,apple,DAP
38,137,152,5.699307124275357,muskmelon,DAP
12,31,105,5.74011896619099,banana,Urea
45,144,121,4.40846266361651,papaya,DAP
112,138,96,8.290721030307143,muskmelon,DAP
16,101,149,7.743369970012539,pigeonpeas,DAP
103,9,32,4.642290717782208,apple,14-35-14
97,61,173,5.7003314515627945,apple,DAP
87,82,198,4.134830149139085,orange,DAP
108,73,29,7.269239582558264,lentil,14-35-14
69,122,62,4.228231547291718,chickpea,DAP
73,124,45,9.415605011749506,cotton,Sulfur
62,63,138,8.184092448127174,grapes,DAP
59,37,79,5.84143129750397,coffee,28-28
78,66,42,6.971383593676126,chickpea,28-28
36,54,138,8.968050897298452,mungbean,Sulfur
21,116,177,6.824595682374957,mothbeans,DAP
95,23,79,4.546990918387731,lentil,14-35-14
67,127,146,5.772220133486956,mango,DAP
16,51,70,8.558869190178473,muskmelon,Sulfur
11,37,172,7.3652780959377075,jute,Urea
137,88,7,7.404346306002802,cotton,14-35-14
117,139,121,8.700928914130934,chickpea,DAP
21,83,103,8.863838344775028,pomegranate,DAP
119,18,156,9.018755430676617,rice,14-35-14
49,132,23,4.069095159518937,coconut,MOP
13,58,150,6.764756011778605,coconut,28-28
28,33,196,7.9430571273099115,grapes,Urea
124,28,120,8.041561070762082,mango,14-35-14
6,86,129,7.140297211820023,rice,DAP
28,67,92,4.5007240111020455,coconut,DAP
138,109,39,8.284523323649985,apple,14-35-14
32,61,194,7.8206680010896745,muskmelon,DAP
133,140,5,4.016814629294218,apple,14-35-14
110,66,157,6.2828589480462576,banana,DAP
78,21,177,4.543864397130822,mothbeans,Lime
57,70,181,5.524862274277831,banana,DAP
25,10,130,3.608486553234113,chickpea,Urea
28,62,93,5.90197921046455,muskmelon,DAP
3,73,148,6.799261526937263,rice,DAP
98,66,151,7.217495556962521,mungbean,DAP
38,86,155,7.480942070772261,rice,DAP
14,75,29,8.51774787861476,orange,MOP
118,135,20,4.79277744365438,lentil,14-35-14
28,14,186,4.222890934630808,grapes,Urea
74,102,77,8.609223031387554,banana,DAP
115,93,133,4.4396768893558995,cotton,DAP
31,39,46,9.34856048801717,mothbeans,Urea
129,6,151,8.555229376391821,rice,14-35-14
83,128,166,6.505259635337595,mungbean,DAP
21,28,84,9.38852854953215,mango,Urea
26,78,108,4.084260374648025,coffee,DAP
80,26,187,5.31839456705061,cotton,Lime
125,43,150,7.329346490243669,coconut,14-35-14
91,24,38,5.6000412108390725,orange,14-35-14
20,45,93,9.070235311884751,kidneybeans,Sulfur
46,112,129,3.8937565290669056,chickpea,DAP
100,88,49,6.796470992365787,rice,14-35-14
83,115,138,7.045197604370687,papaya,DAP
5,70,25,7.4163687426633444,jute,MOP
130,57,126,5.033997339990886,muskmelon,14-35-14
0,38,74,5.687398565119187,blackgram,Urea
57,71,100,8.562083177989866,rice,DAP
123,138,109,4.669656613820959,cotton,DAP
14,31,52,8.461207083040172,watermelon,Urea
63,14,43,6.875932537416454,kidneybeans,28-28
24,77,35,8.073125067164494,pigeonpeas,Sulfur
23,100,14,7.781644197580829,grapes,MOP
11,52,34,4.745068972309274,muskmelon,Lime
17,74,22,6.912876418603237,mothbeans,MOP
14,104,192,8.706338916830553,rice,DAP
26,63,92,6.092697420811576,coconut,DAP
71,6,129,9.299544621339901,grapes,Sulfur
59,69,77,6.213290600610309,mothbeans,DAP
92,87,19,4.356713820007308,muskmelon,14-35-14
52,14,8,5.836608080466039,apple,MOP
7,57,195,9.210214438343222,apple,Sulfur
78,83,172,5.418325096039125,pomegranate,DAP
26,63,13,8.708588959202377,coffee,MOP
49,52,113,8.787504090091339,lentil,Sulfur
130,127,141,5.601119145991767,lentil,DAP
92,26,158,3.9995459483037927,orange,14-35-14
23,104,136,7.847347454952909,orange,DAP
59,102,20,5.369073794083916,orange,MOP
121,29,147,8.197541685545435,mango,14-35-14
130,32,103,6.155929089562599,grapes,14-35-14
45,117,125,6.41160045405573,mango,DAP
14,49,56,8.167456440491222,watermelon,Sulfur
16,72,73,5.794179986369768,pomegranate,DAP
125,11,9,6.158764071937487,coconut,14-35-14
83,53,24,5.757142812617733,maize,14-35-14
8,141,83,5.70404309166368,kidneybeans,DAP
62,87,150,6.655679461408757,coconut,DAP
116,133,115,8.352796667006904,mungbean,DAP
129,142,6,5.670609871535396,muskmelon,14-35-14
87,77,97,6.64552832322642,muskmelon,DAP
71,50,17,7.524363952655605,mothbeans,MOP
138,110,8,5.11663667782193,chickpea,14-35-14
63,36,174,5.165136829414355,mothbeans,Lime
71,10,113,9.100478762140728,apple,Sulfur
20,78,78,7.8412074399865315,maize,DAP
17,118,193,6.963120057339854,mungbean,DAP
63,31,99,7.386320326523672,banana,28-28
81,58,109,3.67579665862051,mungbean,14-35-14
109,89,12,7.208617793370181,kidneybeans,14-35-14
94,131,71,6.557053239345212,cotton,DAP
31,115,195,6.774498078676614,mungbean,DAP
10,19,114,5.656542960984902,kidneybeans,Urea
44,136,13,3.9888433862776513,mango,MOP
32,97,121,4.660035401672313,pigeonpeas,DAP
101,127,15,9.20446827927603,coconut,14-35-14
135,77,103,5.952197373625603,pigeonpeas,DAP
10,96,46,6.300098934985185,coconut,28-28
87,21,145,3.816258739120634,jute,14-35-14
40,47,168,3.7253973772638833,chickpea,Lime
75,125,124,7.803088682280546,banana,DAP
120,45,145,6.728567984726668,mungbean,14-35-14
45,43,16,6.5522359052976,orange,MOP
79,117,41,4.958747182536012,lentil,Lime
53,115,78,7.968504389779533,jute,DAP
85,51,77,4.509419474650951,lentil,14-35-14
91,67,56,4.63960846196612,pomegranate,14-35-14
96,114,203,6.264273028089653,grapes,DAP
1,73,134,5.217679172671645,muskmelon,DAP
32,47,60,4.984777887398878,coffee,Lime
76,38,64,7.37142586731999,pigeonpeas,28-28
115,44,27,7.405830471311267,chickpea,14-35-14
102,65,107,8.447102418799576,blackgram,DAP
102,66,44,6.006251401837855,cotton,14-35-14
89,62,68,3.9385105461569014,pomegranate,DAP
121,79,89,5.141998309528746,grapes,DAP
105,20,155,9.380032779180901,chickpea,14-35-14
118,86,161,7.077551451396213,coffee,DAP
48,98,183,7.758422508806122,blackgram,DAP
103,52,201,3.5441469777524874,lentil,14-35-14
60,142,93,6.609234393095125,coffee,DAP
122,86,35,3.7251719451908185,jute,14-35-14
133,42,182,6.915381272548688,mango,14-35-14
8,131,24,9.024625097816452,banana,MOP
5,23,187,9.310514783002446,maize,Urea
72,67,134,6.743316052333545,papaya,DAP
102,81,157,6.249228831513296,lentil,DAP
40,135,17,9.170102565490964,maize,MOP
113,106,126,7.541658991980171,maize,DAP
7,69,107,3.889395677230457,chickpea,DAP
71,124,110,6.294353466004985,apple,DAP
91,95,123,4.941470110785824,coconut,DAP
61,12,74,6.318825928692089,kidneybeans,28-28
83,77,199,6.232793432038171,papaya,DAP
61,138,190,6.992868816888452,cotton,DAP
110,111,103,5.640622942095508,papaya,DAP
126,93,86,4.485622696735568,pomegranate,DAP
6,43,79,6.522316607539738,banana,28-28
83,117,122,8.481217306074573,orange,DAP
131,32,88,7.484073368405614,cotton,14-35-14
133,101,196,5.530207195551295,apple,DAP
57,41,73,9.113138136553143,cotton,Sulfur
21,141,63,8.973245427495094,grapes,DAP
126,86,192,4.756090396304593,maize,DAP
2,60,130,3.7365055107221776,maize,Lime
126,89,115,7.947852250104574,watermelon,DAP
40,6,66,8.46566156809492,kidneybeans,Sulfur
105,62,148,9.307187395708132,orange,DAP
13,111,132,8.839018364529863,grapes,DAP
11,127,109,7.103208609238489,kidneybeans,DAP
86,118,72,6.680314035274285,chickpea,DAP
11,111,19,3.667046307575518,mango,MOP
24,41,187,4.979938681068667,coffee,Lime
44,83,39,6.257688510397559,blackgram,28-28
121,96,187,7.271023400501407,maize,DAP
54,22,18,6.843510999910464,mothbeans,MOP
99,102,181,7.955815938090144,coffee,DAP
135,67,106,5.178601585322245,pomegranate,DAP
118,143,104,6.88971564591484,mango,DAP
52,8,11,4.028853460344752,jute,MOP
31,139,34,5.981993141499242,pomegranate,28-28
50,65,53,8.000964997727607,pomegranate,Sulfur
43,111,148,7.660405120574264,chickpea,DAP
81,58,115,9.443856423033074,cotton,14-35-14
36,92,183,5.167346755926536,pomegranate,DAP
95,72,76,6.489135795043875,lentil,DAP
55,133,84,5.477182482643981,cotton,DAP
104,59,87,6.143618684355048,coconut,14-35-14
58,7,46,8.641700779216329,watermelon,Sulfur
130,125,21,7.60525445113092,maize,14-35-14
34,133,195,8.79464714808549,pigeonpeas,DAP
92,106,177,4.721066649991319,cotton,DAP
96,42,11,8.740166707048628,blackgram,14-35-14
134,89,159,3.8585736450703063,mungbean,DAP
75,137,14,8.831595682622915,mothbeans,MOP
48,96,38,5.474442676764367,banana,Lime
93,25,40,5.387525800484399,mango,14-35-14
23,113,157,6.572531460191984,papaya,DAP
36,51,10,9.144141126339392,coconut,MOP
3,88,156,3.786688188088432,pomegranate,DAP
107,87,150,5.613385850424471,jute,DAP
125,39,138,8.639431932100013,watermelon,14-35-14
19,73,33,5.876326864612801,chickpea,28-28
49,133,130,4.694941385582402,papaya,DAP
95,144,157,6.048765087988471,muskmelon,DAP
104,31,187,5.813315008950016,mothbeans,14-35-14
116,60,85,8.99249720880022,pomegranate,14-35-14
97,27,178,8.071606254458583,mango,14-35-14
65,25,156,6.530693334464038,mungbean,28-28
78,65,79,9.430223400329426,orange,DAP
5,67,30,6.29166518765554,rice,28-28
38,126,131,3.849426984921651,papaya,DAP
114,56,119,5.073645930889909,muskmelon,14-35-14
124,92,130,6.116422881315875,coconut,DAP
11,59,32,4.44141574487672,rice,Lime
130,50,135,9.185390757944258,pigeonpeas,14-35-14
17,36,79,8.101093386906639,muskmelon,Urea
39,59,170,5.109723202566636,chickpea,Lime
20,100,193,7.044827201107495,rice,DAP
98,137,82,7.828694942657432,blackgram,DAP
25,40,183,9.147673573440787,mango,Sulfur
7,114,94,8.789812095052465,coffee,DAP
99,110,180,6.591153356829282,coconut,DAP
86,62,25,8.147915718758107,mango,14-35-14
41,43,58,6.8728685229655095,grapes,28-28
13,84,188,6.816223340273241,rice,DAP
77,101,107,4.188451750029151,coconut,DAP
1,117,63,4.256825948096912,mothbeans,DAP
118,65,76,6.677201690134744,blackgram,DAP
36,141,183,5.11316926987404,kidneybeans,DAP
68,10,24,3.626221414762812,pigeonpeas,MOP
40,113,116,7.837035223401274,coffee,DAP
61,39,63,3.69491958014099,mungbean,Lime
59,43,75,7.071661046624327,kidneybeans,28-28
124,122,141,6.735162764763887,cotton,DAP
110,9,113,9.312888143466827,kidneybeans,14-35-14
13,91,133,6.40527883608585,muskmelon,DAP
83,80,161,3.8816086182667844,jute,DAP
129,61,195,6.81012780683877,pigeonpeas,DAP
69,131,204,8.546577023696608,lentil,DAP
122,33,60,9.48109570568864,maize,14-35-14
88,91,200,6.082059042134435,mungbean,DAP
27,50,39,5.421792454980455,orange,Lime
65,120,127,8.939919781711993,apple,DAP
4,116,135,4.647452774456728,orange,DAP
44,49,108,7.19257349019756,cotton,28-28
46,108,11,5.934286545085686,maize,MOP
30,89,31,3.7464941897333315,banana,Lime
138,138,5,5.583730845834187,maize,14-35-14
9,112,203,5.091371135016048,rice,DAP
117,22,176,7.616546923660922,maize,14-35-14
13,98,91,9.192742986151508,lentil,DAP
79,37,45,5.108283124271827,coffee,Lime
92,130,127,8.36879563491009,maize,DAP
9,126,79,3.832158901630457,muskmelon,DAP
75,142,46,6.728726060238879,pomegranate,28-28
93,119,121,3.9233003822593675,muskmelon,DAP
104,32,165,9.104197946783836,pomegranate,14-35-14
0,15,182,8.098107683344342,orange,Urea
132,51,67,7.4476994672275545,lentil,14-35-14
19,131,169,8.443378289747987,papaya,DAP
7,122,191,7.385118773420979,kidneybeans,DAP
0,130,131,9.313666383045746,lentil,DAP
56,76,180,7.7837476871886295,apple,DAP
63,111,137,9.047951657493481,kidneybeans,DAP
117,141,52,6.602791352063829,apple,14-35-14
27,37,7,4.202386477891176,coconut,Urea
120,23,120,6.669066328538102,rice,14-35-14
106,78,179,4.26123696837856,mothbeans,DAP
48,102,194,7.0549608750584305,pomegranate,DAP
119,133,103,6.394958363165978,apple,DAP
43,97,120,7.23545238699669,kidneybeans,DAP
55,52,18,3.5602818863289896,coffee,MOP
110,68,195,4.669042949932185,coffee,DAP
133,65,116,6.447982591472785,grapes,DAP
107,43,65,9.20302136953481,apple,14-35-14
113,132,163,5.801654242130951,cotton,DAP
77,92,99,6.046232156321808,mothbeans,DAP
129,30,21,7.788176534039733,banana,14-35-14
36,21,128,7.122756543716708,chickpea,Urea
19,75,28,5.29355690059,cotton,MOP
25,17,120,5.964898373404567,pomegranate,Urea
28,73,155,4.806198793143395,rice,DAP
0,30,86,9.29612875478125,cotton,Urea
118,53,54,4.283806289344159,banana,14-35-14
34,11,83,5.731020707398517,mango,Urea
58,62,83,3.655033833320067,watermelon,DAP
68,53,74,4.830676951601278,blackgram,Lime
11,107,31,8.18282683028093,banana,Sulfur
19,57,19,4.707051393733277,kidneybeans,MOP
42,66,54,3.9803804151737934,mungbean,Lime
125,21,40,6.34671907906714,pomegranate,14-35-14
49,29,12,3.559815408407111,coconut,MOP
28,135,83,4.008596926557999,kidneybeans,DAP
38,33,135,8.34575521737785,maize,Urea
37,121,194,8.128840069157638,jute,DAP
83,30,51,8.990832922429377,papaya,14-35-14
127,128,109,8.627092615464498,watermelon,DAP
125,29,102,7.599053379438908,apple,14-35-14
44,58,100,3.8139971438039773,coffee,Lime
51,77,193,8.197091707919945,banana,DAP
79,124,164,8.573064865043364,pomegranate,DAP
123,60,120,8.294492874631727,orange,14-35-14
118,69,17,6.550874211848156,watermelon,14-35-14
7,97,5,4.89741103189689,coffee,MOP
84,90,38,8.57197985413236,kidneybeans,14-35-14
128,84,194,7.862976858440831,coconut,DAP
7,112,83,9.38456704633311,maize,DAP
95,122,82,4.4341555865355975,mungbean,DAP
101,87,125,4.85398749831233,lentil,DAP
4,19,97,4.770788899289016,coconut,Urea
85,135,102,8.255238605728021,apple,DAP
33,143,86,4.6214437787007085,coffee,DAP
54,34,203,3.8999589789398366,apple,Lime
118,61,163,9.491364839513771,papaya,DAP
113,132,196,3.648903268670895,jute,DAP
25,52,157,8.511464360953195,jute,Sulfur
135,140,42,5.692201049303916,banana,14-35-14
46,26,18,8.549692758546891,mungbean,MOP
112,10,140,6.82772294726687,lentil,14-35-14
75,108,95,8.90978737691816,kidneybeans,DAP
71,40,58,9.05715791848776,grapes,Sulfur
88,83,134,3.554589087684656,kidneybeans,DAP
45,120,105,3.9524730559567294,coconut,DAP
32,61,93,5.002152377425133,maize,DAP
0,53,60,7.51589249818101,lentil,28-28
30,86,98,8.829633179069036,mango,DAP
52,70,97,6.259651707763776,maize,DAP
47,81,88,7.141838697645593,mothbeans,DAP
68,49,89,4.630999116773367,pigeonpeas,Lime
104,83,193,8.329801003290111,pigeonpeas,DAP
89,24,26,9.303968668120818,cotton,14-35-14
62,127,39,5.111593597487585,coffee,Lime
72,71,20,6.468955709603278,pigeonpeas,MOP
88,87,54,4.016696663038243,kidneybeans,14-35-14
12,7,126,6.85481993877781,lentil,Urea
72,68,132,6.516700651080083,coffee,DAP
76,44,117,4.366618904930466,pomegranate,Lime
67,63,175,6.152397278708451,apple,DAP
97,66,21,5.504627912519379,pomegranate,14-35-14
124,136,84,6.630985251831136,pomegranate,DAP
101,64,190,7.013926012572795,coconut,DAP
131,120,134,3.550973471643257,pomegranate,DAP
101,79,136,8.066035897697333,mothbeans,DAP
18,126,89,7.778085751170445,orange,DAP
81,111,171,5.697718317239133,pigeonpeas,DAP
22,100,98,3.81761561341291,mothbeans,DAP
82,95,138,8.029595238710302,muskmelon,DAP
108,134,85,9.231050962868794,coconut,DAP
74,66,73,4.940909576132086,papaya,DAP
128,53,73,5.441147682422227,kidneybeans,14-35-14
87,141,152,4.60287733689089,blackgram,DAP
53,96,196,6.961616740069038,apple,DAP
88,128,20,4.42904836788473,coconut,14-35-14
64,65,55,5.637163660768277,cotton,28-28
75,52,109,7.682078083605578,chickpea,28-28
59,140,169,6.860695898056091,pomegranate,DAP
92,62,201,5.818775385967611,maize,DAP
48,105,174,6.021497610845252,kidneybeans,DAP
34,116,189,6.8726652957393775,mothbeans,DAP
101,66,70,3.535188367322968,banana,DAP
10,43,13,3.971059210721659,watermelon,MOP
98,62,111,8.78754840657807,apple,DAP
109,103,104,3.9672739345477446,jute,DAP
73,48,90,7.740821577263031,coconut,28-28
8,33,68,9.020228984654317,maize,Urea
2,63,26,5.124101625810386,orange,MOP
84,75,166,5.722948622357086,lentil,DAP
25,96,187,6.913528435068297,orange,DAP
71,13,161,8.790253817831509,muskmelon,Sulfur
47,131,170,9.15143352356252,mungbean,DAP
116,138,114,7.937379488667609,coffee,DAP
11,135,101,4.019718565128164,coconut,DAP
132,25,22,7.514924933209105,chickpea,14-35-14
47,68,75,5.961822331235973,rice,DAP
36,94,197,6.32420599694637,kidneybeans,DAP
43,40,131,3.7948903420710622,papaya,Lime
14,66,101,4.646372836078149,blackgram,DAP
42,80,5,8.243081645201887,coconut,MOP
86,17,136,6.223752998287159,mothbeans,14-35-14
69,15,8,5.309973449786893,rice,MOP
45,58,129,5.804114443789749,blackgram,28-28
107,20,86,8.626397079954081,rice,14-35-14
122,12,31,7.993994104429741,coconut,14-35-14
20,108,175,5.133892383086497,banana,DAP
106,63,63,4.20501104127424,jute,DAP
79,61,36,5.011989329864431,muskmelon,Lime
46,44,165,9.024538706328402,banana,Sulfur
116,134,32,6.989533027098532,coconut,14-35-14
123,98,110,6.700881252468697,jute,DAP
24,142,109,7.078361598154769,pomegranate,DAP
35,48,187,5.696169594479091,mango,28-28
50,143,192,8.342642121917077,rice,DAP
14,84,74,6.639717495801499,mungbean,DAP
67,85,66,4.2004874166127735,orange,DAP
20,6,38,4.274390748974378,pomegranate,Urea
18,144,91,6.72115487901571,mothbeans,DAP
33,119,118,9.119421308425036,orange,DAP
77,94,110,5.350112730057193,papaya,DAP
124,27,60,8.71724701315531,pigeonpeas,14-35-14
116,66,117,8.084573519473276,papaya,DAP
51,117,17,4.986874657441441,orange,MOP
26,132,188,3.718044489897455,coffee,DAP
34,66,22,4.111083590854296,apple,MOP
135,42,186,7.8709636030846415,blackgram,14-35-14
105,65,117,4.698018428243881,grapes,DAP
1,133,175,5.727625523032363,apple,DAP
76,126,43,6.510194996038549,banana,28-28
131,114,193,7.852809010700977,mothbeans,DAP
89,17,174,4.1793873395547525,chickpea,14-35-14
88,104,83,5.938198431664769,rice,DAP
93,139,150,6.410437454856172,papaya,DAP
6,26,155,6.744962383829238,pigeonpeas,Urea
94,78,186,8.410163848371301,grapes,DAP
107,136,34,4.530069170259301,pomegranate,14-35-14
73,27,102,8.346988710959733,pigeonpeas,Sulfur
38,123,62,7.657270566179913,watermelon,DAP
70,74,200,6.835224885193756,orange,DAP
55,88,71,7.697167222415431,rice,DAP
41,105,75,5.972106433709938,maize,DAP
35,88,150,4.330385515808747,mungbean,DAP
83,32,110,7.494591441592204,pomegranate,14-35-14
117,140,11,6.648033840113733,cotton,14-35-14
6,5,44,7.3362488032566535,mungbean,Urea
53,67,74,5.52799268617094,apple,DAP
128,26,197,8.941199464039016,pigeonpeas,14-35-14
119,74,72,7.024219211453461,mango,DAP
105,129,53,4.012414905745243,orange,14-35-14
46,100,56,6.198823944226572,apple,28-28
122,83,118,8.038136328461807,cotton,DAP
118,9,111,8.264807370393633,apple,14-35-14
117,64,33,6.467582316582552,coconut,14-35-14
20,124,153,8.868485424987806,muskmelon,DAP
136,50,82,5.106010623165785,mango,14-35-14
25,138,13,5.9635921834296,jute,MOP
8,60,179,8.891581463413821,pomegranate,Sulfur
14,114,80,8.877540298829473,coffee,DAP
9,108,46,7.614276612948085,maize,28-28
121,81,183,8.653883282733322,mungbean,DAP
120,6,188,4.0326396017373956,grapes,14-35-14
124,12,183,8.689969857246659,chickpea,14-35-14
71,79,202,5.423719439301361,muskmelon,DAP
48,129,132,4.569989074569298,rice,DAP
90,42,24,4.936219018052278,chickpea,14-35-14
36,31,159,6.0078110480833224,pomegranate,Urea
67,24,170,5.007152027626804,muskmelon,Lime
49,144,76,5.4234055160989945,coffee,DAP
18,47,69,4.309870916429853,mothbeans,Lime
99,35,186,5.277060593353991,cotton,14-35-14
59,95,117,6.933702887252007,muskmelon,DAP
88,65,28,6.1511222485463835,jute,14-35-14
68,113,132,5.580312567415467,mungbean,DAP
48,95,179,7.978712773142684,jute,DAP
107,99,203,8.861059828359908,pigeonpeas,DAP
118,17,87,8.040735337414382,kidneybeans,14-35-14
36,117,67,5.492004212706075,coffee,DAP
10,39,189,7.966653007025322,papaya,Urea
137,52,187,4.411881094844308,chickpea,14-35-14
77,39,64,4.281907928547746,orange,Lime
76,90,103,5.573762222216954,papaya,DAP
1,118,66,8.346214214264343,papaya,DAP
63,104,34,4.978089483453811,maize,Lime
34,103,26,3.8795204533920775,grapes,MOP
6,7,130,4.2902572112381305,coffee,Urea
84,89,161,8.65246981117748,muskmelon,DAP
66,129,173,7.3026997084837255,pigeonpeas,DAP
41,142,46,5.01920698021986,chickpea,Lime
117,87,102,6.831774951969088,pigeonpeas,DAP
124,29,197,6.665477734552102,pigeonpeas,14-35-14
23,72,35,7.432615870643968,pigeonpeas,28-28
45,65,162,4.899125326529698,chickpea,DAP
18,33,116,8.686417923166387,chickpea,Urea
67,131,150,5.356211372480077,cotton,DAP
101,23,126,7.6647899238574215,papaya,14-35-14
41,78,21,3.5967478782332893,cotton,MOP
31,65,42,5.735942779364883,kidneybeans,28-28
108,24,146,5.61025890775285,rice,14-35-14
35,52,114,6.7609065714980865,apple,28-28
96,91,188,3.936417570663179,blackgram,DAP
130,143,26,8.24078824235665,orange,14-35-14
72,114,199,4.806684810605411,blackgram,DAP
135,32,60,7.562226889292061,mungbean,14-35-14
96,63,123,8.319272739464559,blackgram,DAP
122,137,151,6.871261737449078,jute,DAP
69,55,61,7.945299240331913,mango,28-28
12,16,176,7.471161873290033,apple,Urea
48,54,39,5.633178782912045,mango,28-28
59,136,118,8.353151234201391,coconut,DAP
129,117,129,5.268208219313168,pomegranate,DAP
4,18,133,6.927277506509103,mungbean,Urea
26,36,56,7.972386434849237,mango,Urea
7,143,89,5.773735458875046,cotton,DAP
49,59,202,5.31660564570455,pigeonpeas,Lime
66,124,169,6.256076061036937,apple,DAP
43,79,69,8.407780966094922,lentil,DAP
124,25,183,9.079530578873989,mungbean,14-35-14
57,137,133,6.770500477159341,cotton,DAP
2,91,25,7.468797231941911,coffee,MOP
85,63,185,8.919641733433485,watermelon,DAP
69,93,20,4.091281108477654,banana,MOP
129,87,127,4.89247146719699,mungbean,DAP
1,69,65,7.753400037509495,pomegranate,DAP
101,68,58,8.442466771473798,lentil,14-35-14
34,75,172,8.642174169983468,kidneybeans,DAP
97,8,30,5.990643061129596,apple,14-35-14
29,108,84,4.036039413751201,pomegranate,DAP
115,97,69,6.126688863797719,coconut,DAP
7,116,104,4.8844075412423225,orange,DAP
43,123,78,5.247178729979745,lentil,DAP
35,63,196,8.133605341025035,grapes,DAP
76,47,175,3.953162516155321,rice,Lime
30,16,21,8.465487304884213,maize,Urea
46,44,125,6.066014514945015,grapes,28-28
54,122,191,7.076383586603571,lentil,DAP
105,24,27,4.037913387414074,mungbean,14-35-14
120,135,139,5.524154470143678,apple,DAP
54,94,176,4.038205514089075,coconut,DAP
11,98,185,9.269262337286658,mungbean,DAP
139,17,75,8.343569895957502,mothbeans,14-35-14
135,70,112,6.257796526138762,papaya,DAP
2,41,83,4.841615289942027,coconut,Lime
29,70,166,9.100730631499113,banana,DAP
22,40,50,5.56757957436183,mango,28-28
91,30,200,4.4659065901242485,pomegranate,14-35-14
114,79,82,6.87898633072373,grapes,DAP
103,112,20,9.162644722068897,mango,14-35-14
117,47,75,3.5229817430019352,jute,14-35-14
4,12,100,4.928749059523993,pomegranate,Urea
103,33,151,9.130685842462446,cotton,14-35-14
107,44,6,4.526515801142972,papaya,14-35-14
64,132,14,4.179460709838919,kidneybeans,MOP
120,88,182,6.921123294798827,pigeonpeas,DAP
29,120,129,8.67106293976898,pigeonpeas,DAP
83,66,85,6.362658906163556,mango,DAP
31,11,144,9.467385540107149,chickpea,Urea
15,49,74,7.575030197227957,blackgram,28-28
37,92,154,3.9444494432626866,coffee,DAP
35,77,36,9.456992790091853,maize,Sulfur
113,41,109,5.947365420681143,papaya,14-35-14
65,123,88,5.224415203072895,lentil,DAP
104,61,133,6.847275101467313,grapes,DAP
84,12,186,5.325845550925186,mungbean,14-35-14
1,99,62,4.018745042720914,pomegranate,DAP
74,121,202,3.50857005847506,lentil,DAP
66,114,150,6.197500117521574,coffee,DAP
54,24,138,8.521180533359553,muskmelon,Sulfur
5,128,49,6.93389111378046,pigeonpeas,28-28
85,57,101,9.495243793660645,mango,14-35-14
59,123,27,5.2210798738832,rice,MOP
100,16,27,5.182730388560332,mango,14-35-14
11,21,158,4.458496761403666,coffee,Urea
48,68,139,4.484381529592011,mothbeans,DAP
41,46,83,5.211119576060287,coconut,Lime
81,98,48,8.257040271641163,coconut,14-35-14
34,15,31,8.934540743818687,apple,Urea
133,102,30,9.350523018246088,coconut,14-35-14
66,75,101,4.893737924578716,chickpea,DAP
79,112,40,8.78778527368455,pomegranate,Sulfur
6,62,113,5.469530535664022,papaya,DAP
13,38,59,4.177043267101307,grapes,Urea
72,24,196,8.720149553120994,papaya,Sulfur
65,54,189,7.316633807861711,chickpea,28-28
90,106,73,4.48838537648637,chickpea,DAP
129,142,65,6.078987545078015,mango,DAP
19,56,134,5.223546169262406,cotton,Lime
9,19,59,7.920767412261182,mungbean,Urea
24,88,126,6.220497383745609,blackgram,DAP
24,135,101,9.43567967063831,lentil,DAP
53,41,84,3.8284698935575707,watermelon,Lime
32,130,91,5.63009159681748,pigeonpeas,DAP
94,44,42,6.391401002659864,jute,14-35-14
13,76,123,6.518801328489919,coconut,DAP
64,44,82,5.395614934313821,jute,Lime
109,60,161,7.875441494585408,apple,14-35-14
79,108,158,8.748482440933849,mango,DAP
53,143,39,9.132315811867178,jute,Sulfur
124,114,83,8.330560260797157,kidneybeans,DAP
130,140,71,8.603481183839596,blackgram,DAP
133,97,91,6.803271803719973,mungbean,DAP
24,98,161,8.455329358560888,muskmelon,DAP
116,60,38,5.3210234548877136,mothbeans,14-35-14
135,64,101,5.890872572655287,pigeonpeas,DAP
24,142,173,5.401478082911266,watermelon,DAP
78,43,173,6.304324012687553,jute,28-28
67,32,155,5.213477697431818,grapes,Lime
11,53,75,9.269668653526681,pomegranate,Sulfur
31,129,7,5.377067768034009,papaya,MOP
127,17,62,4.088267228665639,kidneybeans,14-35-14
95,40,36,6.660902996302481,blackgram,14-35-14
91,105,35,3.842594470671058,banana,14-35-14
30,30,86,4.163258997851483,orange,Urea
77,90,47,4.8163363351774775,papaya,Lime
19,8,139,6.28610149929285,jute,Urea
59,86,109,6.099505593854167,banana,DAP
133,131,5,8.298151172016748,apple,14-35-14
92,92,65,7.93684792330468,mango,DAP
42,131,18,6.057909763944208,grapes,MOP
129,124,184,5.502225245453779,apple,DAP
59,26,10,5.398812704368991,jute,MOP
30,134,107,8.143970523764054,rice,DAP
4,35,14,3.812434437327618,apple,Urea
9,123,75,3.5769298970636347,muskmelon,DAP
88,15,94,8.273266351559888,mothbeans,14-35-14
129,50,162,6.362878255934296,mango,14-35-14
125,100,153,4.285286831321455,blackgram,DAP
10,14,130,4.913395607567008,mungbean,Urea
55,132,192,9.095023718584295,maize,DAP
82,103,101,8.657017853749387,mango,DAP
136,116,78,7.758710301343835,jute,DAP
98,64,119,6.393351382023959,watermelon,DAP
72,91,195,6.621941757148314,apple,DAP
114,69,174,9.351467211703753,banana,DAP
6,61,55,9.294622663305724,cotton,Sulfur
79,110,196,4.7916142747150055,lentil,DAP
96,13,60,8.366627397831909,pomegranate,14-35-14
3,26,45,4.683455997002101,orange,Urea
3,93,36,4.781224867303708,mango,Lime
102,22,19,7.556558204987461,mothbeans,14-35-14
39,119,66,5.930006591525291,coconut,DAP
16,110,159,9.089266442639122,banana,DAP
100,19,32,4.034058409376053,lentil,14-35-14
102,67,68,6.569153844856958,jute,DAP
123,17,191,9.011129182658728,mothbeans,14-35-14
51,85,190,8.924681962877031,apple,DAP
51,36,134,4.439175280494448,cotton,Lime
123,141,131,5.699826200578739,apple,DAP
62,44,40,7.214728400280178,mothbeans,28-28
115,86,118,4.456369308628413,pigeonpeas,DAP
61,81,203,9.308133032274432,jute,DAP
6,80,17,8.988495972365962,kidneybeans,MOP
91,42,19,4.5017010742068155,maize,14-35-14
13,75,93,4.226932767565913,mothbeans,DAP
85,52,192,4.012450896849591,lentil,14-35-14
132,22,26,8.956661984219787,orange,14-35-14
129,43,195,4.661742858772765,watermelon,14-35-14
61,93,78,5.997709571266128,mungbean,DAP
78,66,29,6.193108193912018,coffee,MOP
137,113,105,7.0940662652814055,coconut,DAP
57,85,180,3.9304120624845496,rice,DAP
119,138,175,4.860551704403096,cotton,DAP
132,81,121,9.088942321513557,muskmelon,DAP
64,94,170,8.950460643611418,papaya,DAP
12,18,45,8.187743884434154,chickpea,Urea
81,99,177,3.616407473709293,papaya,DAP
138,58,92,5.462040610976612,maize,14-35-14
51,136,172,7.267752412057447,pomegranate,DAP
116,43,114,5.151141270640855,banana,14-35-14
25,76,124,8.957520170322663,chickpea,DAP
33,29,101,7.303336770994651,mungbean,Urea
51,81,149,3.9314403038986736,blackgram,DAP
111,124,61,8.954033533014218,coconut,DAP
81,57,134,9.246599949057336,papaya,14-35-14
41,135,100,3.966274510350353,grapes,DAP
20,100,125,6.694161409167889,grapes,DAP
41,76,66,5.320185693285023,coconut,DAP
112,66,141,5.857034458888414,mango,DAP
104,10,72,4.577907307732051,orange,14-35-14
16,36,85,6.9684326120744755,coffee,Urea
119,103,21,9.247876119493345,mango,14-35-14
136,142,121,6.518435601629655,grapes,DAP
128,135,54,3.997487488366887,mango,14-35-14
129,80,116,7.22000800086445,coconut,DAP
59,63,98,5.541337966707542,watermelon,DAP
47,35,172,8.635551137547786,mungbean,Sulfur
28,97,190,6.108068889898822,grapes,DAP
96,73,89,4.657037653653473,mothbeans,DAP
9,56,153,4.646633736146869,coconut,Lime
57,93,150,8.112585084326962,coconut,DAP
20,131,187,5.093525589844159,kidneybeans,DAP
27,35,161,8.103400364955338,coconut,Urea
33,88,156,4.7353238645995965,lentil,DAP
7,131,78,5.430118212207857,apple,DAP
78,136,113,6.2929218346381965,kidneybeans,DAP
86,17,149,9.159175098160704,mothbeans,14-35-14
87,49,22,9.090388548522949,blackgram,14-35-14
68,131,46,4.741231252533726,apple,Lime
86,118,105,5.649314247458436,pigeonpeas,DAP
100,24,49,4.396396330722634,jute,14-35-14
7,85,86,6.559910475880983,coffee,DAP
76,133,21,6.263495304168,pomegranate,MOP
86,21,77,8.904560974704395,grapes,14-35-14
42,62,18,9.080032266746436,watermelon,MOP
128,76,181,5.8014043460437525,mungbean,DAP
108,113,161,6.450427658113936,cotton,DAP
16,27,136,8.877417494876799,mothbeans,Urea
132,76,86,8.340246846470368,mungbean,DAP
20,12,152,3.5219378680678957,pigeonpeas,Urea
57,63,124,5.420357385101495,jute,DAP
109,115,124,6.030645451616755,papaya,DAP
138,17,51,4.87829770209939,mango,14-35-14
134,20,111,4.697429695375632,mothbeans,14-35-14
27,123,112,3.726707039574078,rice,DAP
50,6,13,7.360218350418563,kidneybeans,MOP
4,34,83,5.075061742898994,coconut,Urea
4,107,159,3.8140830705878788,mango,DAP
93,17,19,4.885875863168382,muskmelon,14-35-14
95,100,23,8.31148371701676,chickpea,14-35-14
7,98,94,8.60893508987928,cotton,DAP
63,86,184,6.398397471159816,blackgram,DAP
137,17,30,5.996424022452117,banana,14-35-14
37,98,158,9.367122161010691,apple,DAP
110,116,158,4.703387957528419,lentil,DAP
111,59,178,4.792155697127651,chickpea,14-35-14
80,85,96,5.251203062218399,pigeonpeas,DAP
135,120,181,4.536543909686523,cotton,DAP
103,112,86,5.7761935892251195,watermelon,DAP
72,57,185,8.965005361938523,muskmelon,Sulfur
48,132,135,7.192087043771446,mothbeans,DAP
35,61,198,5.971679291673582,kidneybeans,DAP
125,56,46,9.106464767427289,blackgram,14-35-14
67,141,23,3.790785394854934,coconut,MOP
77,115,21,4.761657067411168,pigeonpeas,MOP
104,5,165,6.895331630610554,grapes,14-35-14
121,48,80,7.193315739159075,apple,14-35-14
118,79,181,3.737345039375679,rice,DAP
113,102,188,5.918232547442793,grapes,DAP
9,13,67,7.394923788985237,coffee,Urea
139,36,135,7.68842327842041,banana,14-35-14
90,19,111,7.328839415097615,jute,14-35-14
1,144,53,5.4233793461655475,blackgram,Lime
117,140,59,4.061120741587457,blackgram,14-35-14
12,76,158,6.062674678516005,watermelon,DAP
94,16,103,4.272526624208333,grapes,14-35-14
31,69,204,9.185741951124003,chickpea,DAP
31,111,56,6.35102519613577,kidneybeans,28-28
123,46,104,5.403555046141205,cotton,14-35-14
10,119,121,8.097824426713402,muskmelon,DAP
9,143,122,6.4876915554935835,muskmelon,DAP
14,107,11,5.3602041440747,jute,MOP
16,99,50,8.37180645434481,grapes,Sulfur
58,21,50,8.702912906006732,lentil,Sulfur
77,89,104,7.538048997732062,pomegranate,DAP
123,60,148,3.7817865344460038,mango,14-35-14
113,138,156,6.897937280999193,watermelon,DAP
21,90,193,8.07976947198369,rice,DAP
31,106,58,4.319018072501493,watermelon,Lime
112,58,66,4.87202450830762,watermelon,14-35-14
119,119,133,8.79497063040882,blackgram,DAP
121,143,53,3.6207303311184442,apple,14-35-14
31,92,29,8.016362826955856,watermelon,MOP
118,53,14,6.342639755086537,rice,14-35-14
38,119,122,6.180632953037641,apple,DAP
11,67,148,3.5425791949693233,papaya,DAP
